범주	file::함수	행수	도달	리뷰 태그
A	src/cli/dcserver.rs::handle_dcserver	2	불명	-
A	src/cli/direct.rs::cmd_discord_read	1	불명	-
A	src/cli/direct.rs::cmd_discord_thread_create	1	불명	-
A	src/cli/direct.rs::cmd_send	1	불명	-
A	src/cli/direct.rs::cmd_send_to_agent	1	불명	-
A	src/cli/discord.rs::send	3	불명	-
A	src/cli/discord.rs::send_channel_message	1	불명	-
A	src/cli/discord.rs::send_file	1	불명	-
A	src/cli/discord.rs::send_user_message	1	불명	-
A	src/cli/discord_thread_create.rs::create	1	불명	-
A	src/cli/init.rs::<module>	1	불명	-
A	src/github/sync.rs::sync_loaded_github_issues_for_repo_pg	2	불명	-
A	src/server/mod.rs::dm_reply_retry_loop	1	불명	-
A	src/server/outbox_actionable_delivery.rs::deliver	2	불명	-
A	src/server/outbox_actionable_delivery.rs::deliver_with_bot	1	불명	-
A	src/server/routes/agents.rs::agent_message	1	불명	-
A	src/server/routes/auto_queue.rs::request_generate	1	불명	-
A	src/server/routes/discord.rs::channel_info	1	불명	-
A	src/server/routes/discord.rs::channel_messages	1	불명	-
A	src/server/routes/discord.rs::ensure_channel_is_role_mapped	2	불명	-
A	src/server/routes/discord.rs::fetch_discord_channel_info	1	불명	-
A	src/server/routes/domains/agents.rs::router	1	불명	-
A	src/server/routes/domains/integrations.rs::router	3	불명	-
A	src/server/routes/domains/onboarding.rs::router	2	불명	-
A	src/server/routes/domains/ops.rs::router	7	불명	-
A	src/server/routes/domains/runtime.rs::router	2	불명	-
A	src/server/routes/e2e_control.rs::delete_discord_message	1	불명	-
A	src/server/routes/escalation.rs::<module>	1	불명	-
A	src/server/routes/escalation.rs::deliver_pm_fallback	1	불명	-
A	src/server/routes/escalation.rs::emit_escalation	1	불명	-
A	src/server/routes/escalation.rs::emit_escalation_with_base_url	5	불명	-
A	src/server/routes/escalation.rs::send_channel_message	1	불명	-
A	src/server/routes/escalation.rs::try_reuse_escalation_thread	1	불명	-
A	src/server/routes/health_api.rs::relay_recovery_handler	1	불명	-
A	src/server/routes/health_api.rs::send_handler	2	불명	-
A	src/server/routes/health_api.rs::send_to_agent_handler	1	불명	-
A	src/server/routes/health_api.rs::senddm_handler	1	불명	-
A	src/server/routes/idle_recap.rs::post_idle_recap	1	불명	-
A	src/server/routes/idle_recap.rs::run_idle_recap_post_job	7	불명	-
A	src/server/routes/mod.rs::compose_api_router	2	불명	-
A	src/server/routes/onboarding.rs::channels_post	1	불명	-
A	src/server/routes/onboarding.rs::validate_token	1	불명	-
A	src/server/worker_registry/registry.rs::start_stage	1	불명	-
A	src/server/worker_registry/registry.rs::start_worker	1	불명	-
A	src/services/auto_queue/route_request_generate.rs::request_generate	1	불명	-
A	src/services/auto_queue/runtime.rs::archive_slot_threads	1	불명	-
A	src/services/auto_queue/runtime.rs::reset_slot_thread_bindings_excluding_pg	1	불명	-
A	src/services/claude_tui/hook_server/relay_receipts.rs::begin	1	예	-
A	src/services/claude_tui/tui_relay.rs::router	1	예	-
A	src/services/claude_tui/tui_relay.rs::router_with_send_backend	1	예	-
A	src/services/discord/abandon_request_store.rs::drain	1	불명	-
A	src/services/discord/agent_handoff.rs::send_agent_handoff	1	불명	-
A	src/services/discord/commands/config.rs::cmd_adduser	3	아니오	-
A	src/services/discord/commands/config.rs::cmd_allowall	2	아니오	-
A	src/services/discord/commands/config.rs::cmd_allowed	5	아니오	-
A	src/services/discord/commands/config.rs::cmd_allowedtools	1	아니오	-
A	src/services/discord/commands/config.rs::cmd_removeuser	3	아니오	-
A	src/services/discord/commands/control.rs::cmd_cancel_queued	4	아니오	-
A	src/services/discord/commands/control.rs::cmd_clear	2	아니오	-
A	src/services/discord/commands/control.rs::cmd_down	4	아니오	-
A	src/services/discord/commands/control.rs::cmd_shell	2	아니오	-
A	src/services/discord/commands/control.rs::cmd_stop	8	아니오	-
A	src/services/discord/commands/diagnostics/mod.rs::cmd_adk_phase	1	아니오	-
A	src/services/discord/commands/diagnostics/mod.rs::cmd_debug	2	아니오	-
A	src/services/discord/commands/diagnostics/mod.rs::cmd_deletesession	6	아니오	-
A	src/services/discord/commands/diagnostics/mod.rs::cmd_health	1	아니오	-
A	src/services/discord/commands/diagnostics/mod.rs::cmd_inflight	1	아니오	-
A	src/services/discord/commands/diagnostics/mod.rs::cmd_metrics	1	아니오	-
A	src/services/discord/commands/diagnostics/mod.rs::cmd_queue	1	아니오	-
A	src/services/discord/commands/diagnostics/mod.rs::cmd_sessions	4	아니오	-
A	src/services/discord/commands/diagnostics/mod.rs::cmd_status	1	아니오	-
A	src/services/discord/commands/fast_mode.rs::cmd_fast	2	아니오	-
A	src/services/discord/commands/goals.rs::cmd_goals	2	아니오	-
A	src/services/discord/commands/help.rs::cmd_help	2	아니오	-
A	src/services/discord/commands/inspect/mod.rs::cmd_adk_inspect	2	아니오	-
A	src/services/discord/commands/meeting_cmd.rs::cmd_meeting	7	아니오	-
A	src/services/discord/commands/mod.rs::enforce_slash_command_policy	1	아니오	-
A	src/services/discord/commands/model_picker.rs::cmd_model	1	아니오	-
A	src/services/discord/commands/model_picker.rs::create_model_picker_forum_post	1	아니오	-
A	src/services/discord/commands/model_picker.rs::run_model_command	2	아니오	-
A	src/services/discord/commands/model_picker.rs::send_model_picker_card	1	아니오	-
A	src/services/discord/commands/node.rs::cmd_node	3	아니오	-
A	src/services/discord/commands/node.rs::ephemeral_reply	1	아니오	-
A	src/services/discord/commands/node.rs::handle_node_picker_interaction	9	아니오	-
A	src/services/discord/commands/receipt.rs::cmd_receipt	2	아니오	-
A	src/services/discord/commands/recovery_ops.rs::cmd_deadlock_recover	2	아니오	-
A	src/services/discord/commands/recovery_ops.rs::cmd_machine_flip	2	아니오	-
A	src/services/discord/commands/recovery_ops.rs::cmd_stuck_pr_rebase	2	아니오	-
A	src/services/discord/commands/recovery_ops.rs::run_recovery	2	아니오	-
A	src/services/discord/commands/restart.rs::cmd_restart	1	아니오	-
A	src/services/discord/commands/restart.rs::run_restart	4	아니오	-
A	src/services/discord/commands/session.rs::cmd_pwd	2	아니오	-
A	src/services/discord/commands/session.rs::cmd_resume	5	아니오	-
A	src/services/discord/commands/session.rs::cmd_start	4	아니오	-
A	src/services/discord/commands/skill.rs::cmd_cc	1	아니오	-
A	src/services/discord/commands/skill.rs::cmd_skill	1	아니오	-
A	src/services/discord/commands/skill.rs::run_skill_slash_command	16	아니오	-
A	src/services/discord/commands/text_commands.rs::handle_text_command	1	아니오	-
A	src/services/discord/commands/text_commands.rs::handle_text_command_with_uploads	70	아니오	-
A	src/services/discord/commands/tui_passthrough.rs::cmd_compact	1	아니오	-
A	src/services/discord/commands/tui_passthrough.rs::cmd_context	1	아니오	-
A	src/services/discord/commands/tui_passthrough.rs::cmd_cost	1	아니오	-
A	src/services/discord/commands/tui_passthrough.rs::cmd_effort	1	아니오	-
A	src/services/discord/commands/tui_passthrough.rs::run_claude_passthrough	8	아니오	-
A	src/services/discord/commands/voice.rs::auto_join_voice_channels	3	아니오	-
A	src/services/discord/commands/voice.rs::cmd_vc_join	1	아니오	-
A	src/services/discord/commands/voice.rs::cmd_vc_leave	1	아니오	-
A	src/services/discord/commands/voice.rs::cmd_voice_attach	1	아니오	-
A	src/services/discord/commands/voice.rs::cmd_voice_join	1	아니오	-
A	src/services/discord/commands/voice.rs::cmd_voice_latency	1	아니오	-
A	src/services/discord/commands/voice.rs::cmd_voice_leave	1	아니오	-
A	src/services/discord/commands/voice.rs::cmd_voice_sensitivity	1	아니오	-
A	src/services/discord/commands/voice.rs::handle_vc_text_command	13	아니오	-
A	src/services/discord/commands/voice.rs::try_join_for_provider	1	아니오	-
A	src/services/discord/commands/voice.rs::voice_join_impl	2	아니오	-
A	src/services/discord/commands/voice.rs::voice_leave_impl	1	아니오	-
A	src/services/discord/commands/voice/alert.rs::notify_voice_alert	1	아니오	-
A	src/services/discord/discord_io.rs::deliver_channel_message	1	불명	-
A	src/services/discord/discord_io.rs::notify_source_agent	1	불명	-
A	src/services/discord/discord_io.rs::retry_failed_dm_notifications	1	불명	-
A	src/services/discord/discord_io.rs::send_file_to_channel	1	불명	-
A	src/services/discord/discord_io.rs::send_message_to_channel	1	불명	-
A	src/services/discord/discord_io.rs::send_message_to_user	1	불명	-
A	src/services/discord/discord_io.rs::try_handle_pending_dm_reply	1	불명	-
A	src/services/discord/e2e_control.rs::delete_message	1	불명	-
A	src/services/discord/footer_view_reconciler/mod.rs::edit_channel_message	2	예	-
A	src/services/discord/footer_view_reconciler/mod.rs::note_background_refresh_due	1	예	-
A	src/services/discord/footer_view_reconciler/mod.rs::note_footer_superseded	1	예	-
A	src/services/discord/footer_view_reconciler/mod.rs::note_footer_suppressed_for_tui_mirror	1	예	-
A	src/services/discord/footer_view_reconciler/mod.rs::note_turn_completed_footer	2	예	-
A	src/services/discord/formatting/delivery.rs::send_channel_message_with_optional_reference	3	예	-
A	src/services/discord/formatting/delivery.rs::send_long_message_ctx	3	아니오	-
A	src/services/discord/formatting/delivery.rs::send_long_message_raw	1	예	-
A	src/services/discord/formatting/delivery.rs::send_long_message_raw_with_reference	1	예	-
A	src/services/discord/formatting/delivery.rs::send_long_message_raw_with_reference_returning_message_ids	2	예	-
A	src/services/discord/formatting/delivery.rs::send_single_message_returning_receipt	1	예	-
A	src/services/discord/formatting/long_send_rollback.rs::delete_rollback_channel_message	1	예	-
A	src/services/discord/formatting/long_send_rollback.rs::send_long_message_raw_with_reference_rollback	1	불명	-
A	src/services/discord/formatting/long_send_rollback.rs::send_long_message_raw_with_reference_rollback_policy	4	예	-
A	src/services/discord/formatting/long_send_rollback.rs::send_long_message_raw_with_reference_rollback_returning_receipts	1	예	-
A	src/services/discord/formatting/long_send_rollback.rs::send_long_message_raw_with_required_reference_rollback	1	불명	-
A	src/services/discord/formatting/long_send_rollback.rs::send_long_message_raw_with_rollback	1	예	-
A	src/services/discord/formatting/long_send_rollback.rs::send_long_message_raw_with_rollback_returning_receipts	1	예	-
A	src/services/discord/formatting/long_send_rollback.rs::send_rollback_channel_message	6	예	-
A	src/services/discord/formatting/replace_long_message.rs::cleanup_replace_continuations_after_failure	1	예	-
A	src/services/discord/formatting/replace_long_message.rs::edit_chunk0_returning_receipt	1	예	-
A	src/services/discord/formatting/replace_long_message.rs::replace_long_message_raw	1	예	-
A	src/services/discord/formatting/replace_long_message.rs::replace_long_message_raw_deferred	1	불명	-
A	src/services/discord/formatting/replace_long_message.rs::replace_long_message_raw_deferred_returning_receipt	5	예	-
A	src/services/discord/formatting/replace_long_message.rs::replace_long_message_raw_with_outcome	1	예	-
A	src/services/discord/formatting/replace_long_message.rs::replace_long_message_raw_with_outcome_returning_receipt	2	예	-
A	src/services/discord/gateway.rs::delete_message	1	불명	-
A	src/services/discord/gateway.rs::dispatch_queued_turn	2	불명	-
A	src/services/discord/gateway.rs::edit_message	2	불명	-
A	src/services/discord/gateway.rs::post_message	1	불명	-
A	src/services/discord/gateway.rs::post_message_with_nonce	1	불명	-
A	src/services/discord/gateway.rs::post_message_with_reference	1	불명	-
A	src/services/discord/gateway.rs::post_message_with_reference_and_nonce	1	불명	-
A	src/services/discord/gateway.rs::replace_message_deferred	2	불명	-
A	src/services/discord/gateway.rs::replace_message_with_outcome	1	불명	-
A	src/services/discord/gateway.rs::send_long_message_with_rollback	3	불명	-
A	src/services/discord/gateway.rs::send_message	1	불명	-
A	src/services/discord/gateway/outbound_messages.rs::edit_intake_placeholder	1	불명	-
A	src/services/discord/gateway/outbound_messages.rs::edit_outbound_message	1	불명	-
A	src/services/discord/gateway/outbound_messages.rs::edit_outbound_message_classified	1	불명	-
A	src/services/discord/gateway/outbound_messages.rs::send_intake_placeholder	1	불명	-
A	src/services/discord/gateway/outbound_messages.rs::send_outbound_message	1	불명	-
A	src/services/discord/gateway/outbound_messages.rs::send_outbound_message_with_nonce_classified	1	불명	-
A	src/services/discord/health/headless_turn.rs::start_direct_meeting	1	예	-
A	src/services/discord/health/recovery.rs::handle_relay_recovery	1	예	-
A	src/services/discord/health/recovery.rs::maybe_recover_completed_stale_leak	2	예	M8
A	src/services/discord/health/recovery.rs::run_stall_watchdog_pass	3	예	-
A	src/services/discord/health/relay_auto_heal.rs::apply_orphan_pending_token_cleanup	1	예	-
A	src/services/discord/health/relay_auto_heal.rs::apply_watchdog_orphan_token_cleanup	1	예	-
A	src/services/discord/health/relay_auto_heal.rs::redrive_undelivered_backlog	1	예	-
A	src/services/discord/health/relay_auto_heal.rs::redrive_undelivered_backlog_at	1	예	-
A	src/services/discord/health/relay_auto_heal.rs::run_orphan_token_auto_heal_pass	1	예	-
A	src/services/discord/health/relay_dead_reattach.rs::try_apply	1	예	-
A	src/services/discord/http.rs::delete_channel_message	1	예	-
A	src/services/discord/http.rs::edit_channel_message	1	예	-
A	src/services/discord/http.rs::edit_channel_message_with_components	1	불명	-
A	src/services/discord/http.rs::send_channel_message	1	예	-
A	src/services/discord/http.rs::send_channel_message_with_components	1	불명	-
A	src/services/discord/http.rs::send_channel_message_with_nonce	1	예	-
A	src/services/discord/http.rs::send_channel_message_with_reference	1	예	-
A	src/services/discord/http.rs::send_channel_message_with_reference_and_nonce	1	예	-
A	src/services/discord/http.rs::send_channel_message_with_required_reference	1	예	-
A	src/services/discord/http.rs::send_channel_message_with_required_reference_and_nonce	1	예	-
A	src/services/discord/idle_recap.rs::clear_specific_idle_recap_card	1	불명	-
A	src/services/discord/idle_recap.rs::spawn_clear_captured_idle_recap_for_channel	1	불명	-
A	src/services/discord/idle_recap/card.rs::delete_older_recorded_recaps_for_channel	1	불명	-
A	src/services/discord/idle_recap/card.rs::delete_previous_card	1	불명	-
A	src/services/discord/idle_recap/card.rs::delete_recorded_recap_cards	1	불명	-
A	src/services/discord/idle_recap/card.rs::post_recap_card	2	불명	-
A	src/services/discord/idle_recap_interaction.rs::authorize_component	1	아니오	-
A	src/services/discord/idle_recap_interaction.rs::edit_deferred_ephemeral	1	불명	-
A	src/services/discord/idle_recap_interaction.rs::handle_idle_recap_clear_interaction	9	불명,아니오	-
A	src/services/discord/idle_recap_interaction.rs::handle_idle_recap_compact_interaction	7	불명,아니오	-
A	src/services/discord/idle_recap_interaction.rs::handle_idle_recap_interaction	5	불명,아니오	-
A	src/services/discord/idle_recap_interaction.rs::handle_idle_recap_relay_diag_interaction	7	불명,아니오	-
A	src/services/discord/idle_recap_interaction.rs::handle_idle_recap_suggest_interaction	8	불명,아니오	-
A	src/services/discord/idle_recap_interaction.rs::send_ephemeral	1	아니오	-
A	src/services/discord/mailbox_finish.rs::mailbox_finish_cancelled_turn	1	불명	-
A	src/services/discord/mailbox_finish.rs::mailbox_finish_owned_turn	1	불명	-
A	src/services/discord/mailbox_finish.rs::mailbox_finish_turn	1	불명	-
A	src/services/discord/mailbox_finish.rs::mailbox_finish_turn_if_matches	1	불명	-
A	src/services/discord/mailbox_finish.rs::mailbox_finish_turn_if_matches_episode_started_before_inner	1	불명	-
A	src/services/discord/meeting_orchestrator.rs::handle_meeting_command	5	아니오	-
A	src/services/discord/meeting_orchestrator/lifecycle.rs::cancel_meeting	2	아니오	-
A	src/services/discord/meeting_orchestrator/lifecycle.rs::meeting_status	2	아니오	-
A	src/services/discord/meeting_orchestrator/lifecycle.rs::spawn_direct_start	2	아니오	-
A	src/services/discord/meeting_orchestrator/lifecycle.rs::start_meeting	1	아니오	-
A	src/services/discord/meeting_orchestrator/lifecycle.rs::start_meeting_with_reviewer	10	아니오	-
A	src/services/discord/meeting_orchestrator/records.rs::conclude_meeting	6	아니오	-
A	src/services/discord/meeting_orchestrator/rounds.rs::run_meeting_round	2	아니오	-
A	src/services/discord/meeting_orchestrator/selection_runtime.rs::archive_meeting_thread	1	아니오	-
A	src/services/discord/meeting_orchestrator/selection_runtime.rs::create_meeting_thread	1	아니오	-
A	src/services/discord/meeting_orchestrator/selection_runtime.rs::deliver_meeting_message	1	아니오	-
A	src/services/discord/meeting_orchestrator/selection_runtime.rs::edit_meeting_message	1	아니오	-
A	src/services/discord/meeting_orchestrator/selection_runtime.rs::edit_message	1	아니오	-
A	src/services/discord/meeting_orchestrator/selection_runtime.rs::post_message	1	아니오	-
A	src/services/discord/meeting_orchestrator/selection_runtime.rs::send_meeting_message	1	아니오	-
A	src/services/discord/meeting_orchestrator/selection_runtime.rs::send_meeting_message_with_event	1	아니오	-
A	src/services/discord/mod.rs::apply_queue_exit_feedback	2	예	-
A	src/services/discord/mod.rs::delete	1	예	-
A	src/services/discord/mod.rs::mailbox_clear_channel	1	예	-
A	src/services/discord/mod.rs::mailbox_enqueue_intervention	1	예	-
A	src/services/discord/mod.rs::mailbox_has_pending_soft_queue	1	예	-
A	src/services/discord/model_picker_interaction.rs::close_model_picker_interaction	2	아니오	-
A	src/services/discord/model_picker_interaction.rs::handle_model_picker_interaction	13	아니오	-
A	src/services/discord/model_picker_interaction.rs::save_model_picker_interaction	1	아니오	-
A	src/services/discord/monitoring_status.rs::deliver_monitoring_status	1	불명	-
A	src/services/discord/monitoring_status.rs::edit_message	1	불명	-
A	src/services/discord/monitoring_status.rs::post_message	1	불명	-
A	src/services/discord/monitoring_status.rs::render_channel_monitoring_from_registry	1	불명	-
A	src/services/discord/monitoring_status.rs::render_channel_monitoring_from_store	3	불명	-
A	src/services/discord/outbound/confirmation.rs::send_command_confirmation_message	1	아니오	-
A	src/services/discord/outbound/delivery.rs::deliver_outbound	1	예	-
A	src/services/discord/outbound/delivery.rs::deliver_outbound_with_overrides	3	예	-
A	src/services/discord/outbound/delivery.rs::deliver_single	3	예	-
A	src/services/discord/outbound/delivery.rs::deliver_split	1	예	-
A	src/services/discord/outbound/delivery.rs::retry_minimal_fallback	1	예	-
A	src/services/discord/outbound/delivery.rs::send_content	5	예	-
A	src/services/discord/outbound/manual_delivery.rs::deliver_chunked_manual_notification	1	예	-
A	src/services/discord/outbound/manual_delivery.rs::deliver_manual_dm_notification	2	불명	-
A	src/services/discord/outbound/manual_delivery.rs::deliver_manual_notification	2	예	-
A	src/services/discord/outbound/manual_delivery.rs::post_message	1	예	-
A	src/services/discord/outbound/manual_delivery.rs::post_message_with_nonce	1	예	-
A	src/services/discord/outbound/manual_delivery.rs::post_text_attachment	1	예	-
A	src/services/discord/outbound/manual_delivery.rs::send_resolved_manual_message_with_client	1	예	-
A	src/services/discord/outbound/manual_delivery.rs::send_resolved_manual_message_with_client_and_nonce_rollout	1	예	-
A	src/services/discord/outbound/reaction_control.rs::ensure_queue_reaction_or_fallback_http	1	예	-
A	src/services/discord/outbound/reaction_control.rs::send_reaction_control_reply	1	불명	-
A	src/services/discord/outbound/reaction_control.rs::send_reaction_control_reply_http	1	예	-
A	src/services/discord/outbound/send_api.rs::handle_send	1	예	-
A	src/services/discord/outbound/send_api.rs::handle_send_with_caller	1	예	-
A	src/services/discord/outbound/send_api.rs::handle_senddm	1	불명	-
A	src/services/discord/outbound/send_gate.rs::send_message_with_backends	1	불명	-
A	src/services/discord/outbound/send_gate.rs::send_message_with_backends_and_delivery_id	1	불명	-
A	src/services/discord/outbound/send_gate.rs::send_message_with_backends_and_delivery_id_for_caller	1	예	-
A	src/services/discord/outbound/send_gate.rs::send_message_with_backends_and_delivery_options	1	불명	-
A	src/services/discord/outbound/send_gate.rs::send_message_with_backends_and_delivery_options_for_caller	1	예	-
A	src/services/discord/outbound/send_to_agent.rs::handle_send_to_agent	1	불명	-
A	src/services/discord/outbound/serenity_reference.rs::post_message	1	예	-
A	src/services/discord/outbound/serenity_reference.rs::post_message_with_reference	1	예	-
A	src/services/discord/outbound/serenity_reference.rs::post_message_with_reference_and_nonce	1	예	-
A	src/services/discord/outbound/serenity_reference.rs::send_referenced_lifecycle_notice	1	예	-
A	src/services/discord/outbound/transport.rs::edit_message	1	예	-
A	src/services/discord/outbound/transport.rs::post_message	1	예	-
A	src/services/discord/outbound/transport.rs::post_message_with_nonce	1	예	-
A	src/services/discord/outbound/transport.rs::post_message_with_reference	1	예	-
A	src/services/discord/outbound/transport.rs::post_message_with_reference_and_nonce	1	예	-
A	src/services/discord/outbound/transport.rs::post_serenity_message_with_nonce	1	예	-
A	src/services/discord/outbound/turn_output_controller.rs::commit_and_finalize	1	예	-
A	src/services/discord/outbound/turn_output_controller.rs::deliver_turn_output	1	예	-
A	src/services/discord/outbound/turn_output_controller.rs::deliver_turn_output_with_fallback_revalidation	3	예	-
A	src/services/discord/outbound/turn_output_controller.rs::drive_transport	1	예	-
A	src/services/discord/outbound/turn_output_controller/fresh_send.rs::deliver	1	예	-
A	src/services/discord/outbound/turn_output_controller/transport.rs::delete_active_anchor_after_chunks	1	예	-
A	src/services/discord/outbound/turn_output_controller/transport.rs::drive_non_fresh_transport	5	예	-
A	src/services/discord/outbound/turn_output_controller/transport.rs::post_send_finalize	1	예	-
A	src/services/discord/placeholder_controller.rs::edit_message_with_retry	1	불명	-
A	src/services/discord/placeholder_controller.rs::ensure_active_incarnation	1	불명	-
A	src/services/discord/placeholder_controller.rs::ensure_active_incarnation_inner	1	불명	-
A	src/services/discord/placeholder_controller.rs::ensure_active_inner	1	불명	-
A	src/services/discord/placeholder_controller.rs::ensure_queued	1	불명	-
A	src/services/discord/placeholder_controller.rs::transition	1	불명	-
A	src/services/discord/placeholder_controller/queued_card_gate.rs::delete	1	불명	-
A	src/services/discord/placeholder_controller/queued_card_gate.rs::teardown_delete	1	불명	-
A	src/services/discord/placeholder_controller/queued_card_gate.rs::teardown_exit_body	2	불명	-
A	src/services/discord/placeholder_sweeper.rs::edit_placeholder_safe	1	예	-
A	src/services/discord/placeholder_sweeper.rs::run_placeholder_sweep_pass	3	예	M12(fn)
A	src/services/discord/placeholder_sweeper.rs::spawn_placeholder_sweeper	4	예	-
A	src/services/discord/placeholder_sweeper.rs::sweep_orphan_status_panel	1	예	-
A	src/services/discord/queue_dispatch.rs::mailbox_front_requeue_outcome	1	불명	-
A	src/services/discord/queue_dispatch.rs::mailbox_take_soft_intervention	2	불명	-
A	src/services/discord/queue_dispatch/kickoff.rs::kickoff_idle_queue_channel	2	불명	-
A	src/services/discord/queue_dispatch/kickoff.rs::kickoff_idle_queues_with_deps	1	불명	-
A	src/services/discord/queue_io.rs::kick_idle_queue_channel_if_context_available	1	불명	-
A	src/services/discord/queue_io.rs::mailbox_cancel_queued_primary_message	1	불명	-
A	src/services/discord/queue_io/turn_admission.rs::mailbox_try_start_turn_ordered	1	불명	-
A	src/services/discord/queue_marker.rs::note_exit_feedback_added	1	불명	-
A	src/services/discord/queue_marker.rs::note_removed_via_shared_generation	1	불명	-
A	src/services/discord/reaction_lifecycle.rs::apply_reaction_action_detailed	2	불명	-
A	src/services/discord/reaction_lifecycle.rs::try_add_reaction_raw_with_shared_detailed	1	불명	-
A	src/services/discord/reaction_lifecycle.rs::try_reaction_raw_on_channel_detailed	2	불명	-
A	src/services/discord/reaction_lifecycle.rs::try_reaction_raw_once_on_channel_detailed	1	불명	-
A	src/services/discord/reaction_lifecycle.rs::try_reaction_raw_with_shared_detailed	3	불명	-
A	src/services/discord/reaction_lifecycle.rs::try_remove_reaction_raw_with_shared_detailed	1	불명	-
A	src/services/discord/recovery_engine/completion_delivery.rs::relay_captured_recovery_terminal_notice	1	예	-
A	src/services/discord/recovery_engine/completion_delivery.rs::relay_captured_recovery_terminal_notice_with_gateway	1	예	-
A	src/services/discord/recovery_engine/completion_delivery.rs::relay_recovered_terminal_text_to_placeholder	3	예	-
A	src/services/discord/recovery_engine/completion_delivery.rs::relay_recovery_terminal_notice	1	예	-
A	src/services/discord/recovery_engine/completion_delivery.rs::relay_recovery_terminal_notice_with_capture	1	예	-
A	src/services/discord/recovery_engine/idle_captured_response.rs::recover_idle_partial_response	1	예	M7(fn)
A	src/services/discord/recovery_engine/idle_captured_response.rs::recover_idle_partial_response_from_ready_source	1	예	-
A	src/services/discord/recovery_engine/restore_inflight/kickoff_identity.rs::dispose_ownerless_row	1	예	-
A	src/services/discord/recovery_engine/routing_orphan.rs::cleanup_routing_orphaned_inflight	1	예	-
A	src/services/discord/recovery_engine/routing_orphan.rs::route_recovery_skip	1	예	-
A	src/services/discord/recovery_engine/two_message_panel.rs::delete_panel	1	예	-
A	src/services/discord/recovery_engine/two_message_panel.rs::recover_two_message_panel	1	예	-
A	src/services/discord/recovery_engine/two_message_panel.rs::recover_two_message_panel_with_gateway	6	예	-
A	src/services/discord/recovery_engine/two_message_panel.rs::send_panel	1	예	-
A	src/services/discord/recovery_paths/controller_cutover.rs::deliver_recovery_replace_via_controller	1	예	-
A	src/services/discord/recovery_paths/controller_cutover.rs::deliver_recovery_replace_via_controller_with_probe	1	예	-
A	src/services/discord/recovery_paths/restart.rs::recover_committed_anchor_repost	1	예	-
A	src/services/discord/recovery_paths/restart.rs::try_recover_anchor_repost	1	예	-
A	src/services/discord/relay_recovery.rs::auto_apply_relay_recovery_for_shared	1	예	-
A	src/services/discord/relay_recovery.rs::auto_apply_relay_recovery_for_shared_at	1	예	-
A	src/services/discord/relay_recovery.rs::run_relay_recovery	1	예	-
A	src/services/discord/relay_recovery.rs::run_relay_recovery_at	1	예	-
A	src/services/discord/relay_recovery_auto_heal_apply.rs::apply_relay_recovery_plan	1	예	-
A	src/services/discord/relay_recovery_auto_heal_apply.rs::apply_relay_recovery_plan_with_seams	1	예	-
A	src/services/discord/relay_recovery_circuit_breaker.rs::queue_open_alert_once_with_enqueue	1	예	-
A	src/services/discord/relay_recovery_circuit_breaker.rs::queue_or_resume_open_alert_with_enqueue	1	예	-
A	src/services/discord/restart_report.rs::flush_restart_reports	1	예	-
A	src/services/discord/restart_report.rs::send_report	1	예	-
A	src/services/discord/router/intake_dispatch.rs::dispatch_text_intake	1	불명	-
A	src/services/discord/router/intake_dispatch.rs::finish_text_intake_admission	1	불명	-
A	src/services/discord/router/intake_dispatch/attachment.rs::prepare_admitted_live_attachments	1	불명	-
A	src/services/discord/router/intake_dispatch/notice.rs::notify_blocked_intake	1	불명	-
A	src/services/discord/router/intake_dispatch/queued.rs::admit_queued_intake	1	불명	-
A	src/services/discord/router/intake_gate.rs::handle_event	19	불명	-
A	src/services/discord/router/intake_gate/component_events.rs::handle_model_picker_component_if_applicable	1	불명	-
A	src/services/discord/router/intake_gate/queue_effects.rs::notify_pending_reaction_failure	1	불명	-
A	src/services/discord/router/intake_gate/queue_effects.rs::notify_pending_reaction_failure_http	1	불명	-
A	src/services/discord/router/intake_gate/queue_effects.rs::render_visible_queued_ack	7	불명	-
A	src/services/discord/router/intake_gate/queue_effects.rs::reuse_any_queued_placeholder_for_channel	1	불명	-
A	src/services/discord/router/intake_gate/queue_effects.rs::reuse_merged_queued_placeholder	1	불명	-
A	src/services/discord/router/intake_queue_transaction.rs::commit_soft_intervention_transaction	3	불명	-
A	src/services/discord/router/message_handler.rs::finish_admitted_local	1	불명	-
A	src/services/discord/router/message_handler/attachments.rs::prepare_admitted_local_attachment	4	불명	-
A	src/services/discord/router/message_handler/busy_retry.rs::finalize_enqueue	3	불명	-
A	src/services/discord/router/message_handler/control.rs::handle_shell_command_raw	1	불명	-
A	src/services/discord/router/message_handler/control.rs::handle_text_command	2	불명	-
A	src/services/discord/router/message_handler/goal_lifecycle.rs::consume_codex_goal_lifecycle_command	1	불명	-
A	src/services/discord/router/message_handler/goal_lifecycle.rs::send_codex_goal_lifecycle_notice	1	불명	-
A	src/services/discord/router/message_handler/headless_turn.rs::start_reserved_headless_turn_with_owner	2	불명	-
A	src/services/discord/router/message_handler/intake_turn.rs::handle_text_message	14	불명	-
A	src/services/discord/router/message_handler/intake_turn/placeholder_handoff.rs::reuse_bound_busy_notice	2	불명	-
A	src/services/discord/router/message_handler/intake_turn/race_loss.rs::handle_race_loss_enqueue	6	불명	-
A	src/services/discord/router/message_handler/intake_turn/race_loss/mailbox_reaction.rs::note_busy_tui_pre_submit_queue_pending	1	불명	-
A	src/services/discord/router/message_handler/intake_turn/race_loss/mailbox_reaction.rs::note_queue_pending	1	불명	-
A	src/services/discord/router/message_handler/intake_turn/runtime_transition.rs::acquire_after_redirect_or_requeue	1	불명	-
A	src/services/discord/router/message_handler/intake_turn/stale_dispatch_guard.rs::abort_terminal_dispatch_at_turn_start	1	불명	-
A	src/services/discord/router/message_handler/intake_turn/worker_entry.rs::execute_intake_turn_core	1	불명	-
A	src/services/discord/router/message_handler/pre_admission_control.rs::resolve	2	불명	-
A	src/services/discord/router/message_handler/pre_admission_control.rs::send_pre_admission_notice	1	불명	-
A	src/services/discord/router/message_handler/tui_followup.rs::apply_tui_busy_enqueue_refusal	1	불명	-
A	src/services/discord/router/message_handler/typing_indicator.rs::broadcast_typing	1	불명	-
A	src/services/discord/router/message_handler/typing_indicator.rs::run_native_typing_indicator	1	불명	-
A	src/services/discord/router/message_handler/typing_indicator.rs::spawn_typing_indicator_task	1	불명	-
A	src/services/discord/router/thread_binding.rs::verify_thread_accessible	1	불명	-
A	src/services/discord/runtime_bootstrap/framework_setup.rs::run_bot_framework_setup	3	예	-
A	src/services/discord/runtime_bootstrap/gateway_runtime.rs::run_bot_start_gateway_runtime	2	예	-
A	src/services/discord/runtime_bootstrap/orphan_recovery.rs::spawn_startup_thread_map_validation	1	예	-
A	src/services/discord/runtime_bootstrap/queued_placeholders.rs::delete	1	예	-
A	src/services/discord/runtime_bootstrap/recovery_flush.rs::run_bot_spawn_recovery_and_flush_restart_reports	3	예	-
A	src/services/discord/runtime_bootstrap/voice.rs::run_bot_spawn_voice_auto_join	1	예	-
A	src/services/discord/session_relay_sink/journal.rs::send_long_chunks_with_anchor_receipt	2	예	-
A	src/services/discord/session_relay_sink/short_controller.rs::deliver_short_replace_via_controller	1	예	-
A	src/services/discord/session_relay_sink/task_notification_context.rs::deliver_new_message_with_task_authority	3	예	-
A	src/services/discord/session_relay_sink/task_notification_context.rs::send_plain_response_chunks	2	예	-
A	src/services/discord/session_relay_sink/terminal_handoff.rs::deliver	1	예	-
A	src/services/discord/sidecar_interaction.rs::ephemeral_reply	1	아니오	-
A	src/services/discord/sidecar_interaction.rs::handle_sidecar_interaction	12	아니오	-
A	src/services/discord/startup_reclaim.rs::reclaim_frozen_panels	1	불명	M14
A	src/services/discord/startup_reclaim.rs::reclaim_orphan_placeholders	1	불명	M14
A	src/services/discord/startup_reclaim.rs::run_delayed_reclaim_pass	1	불명	-
A	src/services/discord/startup_reclaim.rs::run_startup_reclaim_sweep	2	불명	-
A	src/services/discord/startup_reclaim.rs::spawn_startup_reclaim_sweep	2	불명	-
A	src/services/discord/status_panel_orphan_store.rs::drain	1	예	M13
A	src/services/discord/task_notification_delivery/card_post.rs::deliver_card_post_claim	1	예	-
A	src/services/discord/task_notification_delivery/gateway.rs::edit_card	1	예	-
A	src/services/discord/task_notification_delivery/gateway.rs::post_card	1	예	-
A	src/services/discord/task_notification_delivery/mod.rs::deliver_claim	3	예	-
A	src/services/discord/task_notification_delivery/mod.rs::ensure_card	1	예	-
A	src/services/discord/task_notification_delivery/mod.rs::ensure_card_with_metadata	1	예	-
A	src/services/discord/task_notification_delivery/mod.rs::ensure_card_with_shared	1	예	-
A	src/services/discord/task_notification_delivery/mod.rs::replace_confirmed_missing_card	1	예	-
A	src/services/discord/task_notification_delivery/response_chunks.rs::post_chunk	2	예	-
A	src/services/discord/task_notification_delivery/response_chunks.rs::send_task_response_chunks	1	예	-
A	src/services/discord/task_notification_delivery/response_chunks.rs::send_task_response_chunks_with_card_repair	2	예	-
A	src/services/discord/terminal_ui_obligation.rs::reconcile_terminal_ui_obligation	1	불명	-
A	src/services/discord/terminal_ui_obligation.rs::spawn_terminal_ui_obligation_sweeper	1	불명	-
A	src/services/discord/terminal_ui_obligation.rs::sweep_terminal_ui_obligations	1	불명	-
A	src/services/discord/tmux.rs::reconcile_orphan_suppressed_placeholder_for_restored_watcher	1	예	-
A	src/services/discord/tmux_placeholder_suppression/ops.rs::delete_placeholder_unless_delivered	2	불명	-
A	src/services/discord/tmux_placeholder_suppression/ops.rs::delete_placeholder_with_operation	1	불명	R11
A	src/services/discord/tmux_placeholder_suppression/ops.rs::delete_terminal_placeholder_unless_delivered	1	불명	-
A	src/services/discord/tmux_placeholder_suppression/ops.rs::delete_watcher_rollover_frozen_prefixes	1	불명	-
A	src/services/discord/tmux_placeholder_suppression/ops.rs::edit_placeholder_with_operation	1	불명	-
A	src/services/discord/tmux_placeholder_suppression/ops.rs::edit_preserve_placeholder	1	불명	-
A	src/services/discord/tmux_placeholder_suppression/ops.rs::edit_terminal_placeholder	1	불명	-
A	src/services/discord/tmux_restart_handoff.rs::resume_aborted_restart_turn	1	예	M1(fn)
A	src/services/discord/tmux_restart_handoff.rs::start_restart_handoff_from_state	1	예	M1,R32(fn)
A	src/services/discord/tmux_watcher/committed_placeholder_cleanup.rs::reconcile_already_committed_after_edit_failure	1	예	-
A	src/services/discord/tmux_watcher/committed_placeholder_cleanup.rs::reconcile_confirmed_preview	1	예	-
A	src/services/discord/tmux_watcher/completion_producer.rs::complete_watcher_terminal_footer_or_status_panel_with_sniffer	1	예	-
A	src/services/discord/tmux_watcher/entry.rs::tmux_output_watcher	1	예	-
A	src/services/discord/tmux_watcher/no_result_exits.rs::handle_no_result_exits	7	예	-
A	src/services/discord/tmux_watcher/orphan_status_panel_cleanup.rs::cleanup_orphan_external_input_status_panel	1	예	-
A	src/services/discord/tmux_watcher/placeholder_reclaim.rs::reclaim_orphan_external_input_placeholder	1	예	-
A	src/services/discord/tmux_watcher/pre_emit_guard.rs::run_pre_emit_guard	4	예	-
A	src/services/discord/tmux_watcher/provider_output_guard.rs::guard_rollover	1	예	-
A	src/services/discord/tmux_watcher/single_message_footer.rs::complete_watcher_single_message_completion_footer	1	예	-
A	src/services/discord/tmux_watcher/single_message_footer.rs::complete_watcher_single_message_terminal_no_footer	1	예	-
A	src/services/discord/tmux_watcher/single_message_footer.rs::complete_watcher_terminal_footer_or_status_panel	2	예	-
A	src/services/discord/tmux_watcher/single_message_footer.rs::refresh_watcher_completion_footer_if_due	1	예	-
A	src/services/discord/tmux_watcher/single_message_footer.rs::refresh_watcher_registered_completion_footer	1	예	-
A	src/services/discord/tmux_watcher/single_message_footer.rs::supersede_watcher_footer	1	예	-
A	src/services/discord/tmux_watcher/streaming_status_tick/existing_panel_update.rs::update_existing_panel	1	예	-
A	src/services/discord/tmux_watcher/task_response_authority.rs::apply_watcher_task_response	2	예	-
A	src/services/discord/tmux_watcher/terminal_abort_exits.rs::handle_terminal_abort_exits	3	예	-
A	src/services/discord/tmux_watcher/terminal_long_chunks.rs::apply_watcher_long_chunks_controller	2	예	-
A	src/services/discord/tmux_watcher/terminal_long_chunks.rs::apply_watcher_long_chunks_legacy	3	예	-
A	src/services/discord/tmux_watcher/terminal_long_chunks.rs::apply_watcher_long_chunks_result	1	예	-
A	src/services/discord/tmux_watcher/terminal_long_chunks.rs::deliver_long_chunks_via_controller	1	예	-
A	src/services/discord/tmux_watcher/terminal_preflight.rs::run_terminal_preflight_prepare	2	예	-
A	src/services/discord/tmux_watcher/terminal_preflight.rs::run_terminal_preflight_suppression	2	예	-
A	src/services/discord/tmux_watcher/terminal_send.rs::apply_watcher_short_replace_controller	2	예	-
A	src/services/discord/tmux_watcher/terminal_send.rs::deliver_short_replace_via_controller	1	예	-
A	src/services/discord/tmux_watcher/turn_stream_collector.rs::collect_turn_stream_until_terminal	2	예	-
A	src/services/discord/tmux_watcher/two_message_panel.rs::adopt_watcher_singleton_panel_after_fresh_bind	1	예	-
A	src/services/discord/tmux_watcher/two_message_panel.rs::reanchor_watcher_two_message_status_panel_below_answer	3	예	-
A	src/services/discord/tui_direct_abort_marker/drain.rs::drain_on_terminal_commit	1	예	-
A	src/services/discord/tui_direct_abort_marker/drain.rs::drain_on_terminal_commit_with_offset	1	예	-
A	src/services/discord/tui_direct_abort_marker/drain.rs::drain_on_terminal_commit_with_offsets	1	예	-
A	src/services/discord/tui_direct_abort_marker/mod.rs::shared_reaction_applier	2	예	-
A	src/services/discord/tui_direct_abort_marker/sweep.rs::sweep_expired	1	예	-
A	src/services/discord/tui_prompt_relay.rs::relay_observed_prompt	4	예	-
A	src/services/discord/tui_prompt_relay.rs::spawn_tui_prompt_relay	1	예	-
A	src/services/discord/tui_prompt_relay/bridge_gateway.rs::delete_message	1	예	-
A	src/services/discord/tui_prompt_relay/bridge_gateway.rs::edit_message	1	예	-
A	src/services/discord/tui_prompt_relay/bridge_gateway.rs::replace_message_with_outcome	1	예	-
A	src/services/discord/tui_prompt_relay/bridge_gateway.rs::send_long_message_with_rollback	1	예	-
A	src/services/discord/tui_prompt_relay/bridge_gateway.rs::send_message	1	예	-
A	src/services/discord/tui_prompt_relay/claude_idle_bridge.rs::finish_idle_bridge_completion	1	예	-
A	src/services/discord/tui_prompt_relay/claude_idle_bridge.rs::stream_tui_idle_response_with_gateway	2	예	-
A	src/services/discord/tui_prompt_relay/synthetic_start_wiring.rs::delete_failed_synthetic_owned_placeholder	1	예	-
A	src/services/discord/tui_prompt_relay/synthetic_start_wiring.rs::establish_tui_direct_synthetic_lifecycle_anchor	1	예	-
A	src/services/discord/tui_prompt_relay/synthetic_start_wiring.rs::post_suppressed_injection_note	1	예	-
A	src/services/discord/tui_prompt_relay/synthetic_start_wiring.rs::resolve_tui_direct_synthetic_lifecycle_anchor	1	예	-
A	src/services/discord/tui_prompt_relay/synthetic_start_wiring.rs::wire_tui_direct_synthetic_turn_start	1	예	-
A	src/services/discord/turn_bridge/bridge_entry_persist.rs::establish_bridge_entry_authority	1	예	-
A	src/services/discord/turn_bridge/bridge_entry_persist.rs::spawn_turn_bridge	1	예	-
A	src/services/discord/turn_bridge/completion_postlude.rs::run_completion_postlude	1	예	R32(fn)
A	src/services/discord/turn_bridge/current_message_anchor.rs::cleanup_unbound_bridge_anchor	1	예	M6
A	src/services/discord/turn_bridge/current_message_anchor.rs::edit_bound_current_message	1	예	-
A	src/services/discord/turn_bridge/current_message_anchor.rs::ensure_bridge_current_message_anchor	3	예	M6(fn)
A	src/services/discord/turn_bridge/finalize_epilogue.rs::finalize_and_drain_queued_turns	1	예	-
A	src/services/discord/turn_bridge/followup_requeue.rs::requeue_claude_tui_followup_pre_submit_timeout	1	예	-
A	src/services/discord/turn_bridge/followup_requeue.rs::requeue_if_needed	1	예	-
A	src/services/discord/turn_bridge/headless_delivery.rs::cleanup_headless_streaming_placeholder_after_delivery	2	예	-
A	src/services/discord/turn_bridge/headless_delivery.rs::enqueue_headless_delivery	1	예	-
A	src/services/discord/turn_bridge/mod.rs::spawn_turn_bridge_with_pin	6	예	-
A	src/services/discord/turn_bridge/runtime_handoff_loop.rs::handle_runtime_handoff_loop_message	5	예	-
A	src/services/discord/turn_bridge/runtime_handoff_loop/watcher_handoff.rs::handle_watcher_runtime_handoff	2	예	-
A	src/services/discord/turn_bridge/single_message_footer.rs::complete_bridge_single_message_completion_footer	1	예	-
A	src/services/discord/turn_bridge/single_message_footer.rs::complete_bridge_single_message_terminal_no_footer	1	예	-
A	src/services/discord/turn_bridge/single_message_footer.rs::complete_bridge_terminal_footer_or_status_panel	1	예	-
A	src/services/discord/turn_bridge/single_message_footer.rs::complete_bridge_terminal_footer_or_status_panel_with_sniffer	2	예	-
A	src/services/discord/turn_bridge/single_message_footer.rs::maybe_create_bridge_separate_status_panel_response	2	예	M6,M6(fn)
A	src/services/discord/turn_bridge/single_message_footer.rs::refresh_bridge_footer	1	예	-
A	src/services/discord/turn_bridge/single_message_footer.rs::supersede_bridge_footer	1	예	-
A	src/services/discord/turn_bridge/status_panel.rs::edit	3	예	-
A	src/services/discord/turn_bridge/status_panel.rs::migrate_separate_status_panel_to_footer	1	예	M6
A	src/services/discord/turn_bridge/status_panel.rs::send	2	예	-
A	src/services/discord/turn_bridge/status_panel/fallback.rs::send_status_panel_v2_completion_fallback	2	예	-
A	src/services/discord/turn_bridge/status_panel/fallback.rs::send_status_panel_v2_completion_fallback_http	1	예	-
A	src/services/discord/turn_bridge/stream_loop.rs::run_stream_loop	8	예	-
A	src/services/discord/turn_bridge/stream_loop/exit_reconcile.rs::settle_and_reconcile_exit_candidate	1	예	-
A	src/services/discord/turn_bridge/stream_loop/tool_arms.rs::handle_stream_tool_message	2	예	-
A	src/services/discord/turn_bridge/stream_loop/tool_arms/task_notification.rs::handle_stream_task_notification	1	예	-
A	src/services/discord/turn_bridge/stream_loop/types.rs::deliver	2	예	-
A	src/services/discord/turn_bridge/stream_tick.rs::guarded_bridge_rollover_edit	2	예	-
A	src/services/discord/turn_bridge/stream_tick.rs::run_bridge_stream_tick	10	예	M2(fn)
A	src/services/discord/turn_bridge/stream_tick/guarded_persist.rs::discard_pending_current_message_candidate	1	예	-
A	src/services/discord/turn_bridge/stream_tick/guarded_persist.rs::fence_stream_tick_visible_mutation_with_candidate_cleanup	1	예	-
A	src/services/discord/turn_bridge/stream_tick/guarded_persist.rs::persist_stream_tick_state_with_candidate_cleanup	1	예	-
A	src/services/discord/turn_bridge/stream_tick/guarded_persist.rs::persist_stream_tick_state_with_candidate_cleanup_mode	1	예	-
A	src/services/discord/turn_bridge/stream_tick/guarded_persist.rs::settle_pending_current_message_candidate_on_loop_exit	2	예	-
A	src/services/discord/turn_bridge/terminal_controller_cutover.rs::apply_bridge_long_chunks_controller	1	예	-
A	src/services/discord/turn_bridge/terminal_controller_cutover.rs::apply_bridge_long_chunks_legacy	1	예	-
A	src/services/discord/turn_bridge/terminal_controller_cutover.rs::apply_bridge_short_replace_controller	1	예	-
A	src/services/discord/turn_bridge/terminal_controller_cutover.rs::deliver_long_chunks_via_controller	1	예	-
A	src/services/discord/turn_bridge/terminal_controller_cutover.rs::deliver_short_replace_via_controller	1	예	-
A	src/services/discord/turn_bridge/terminal_outcome_delivery.rs::run_terminal_outcome_delivery	11	예	M5,M5(fn)
A	src/services/discord/turn_bridge/terminal_outcome_delivery/busy_followup_retry.rs::apply_busy_requeue_if_pending	1	예	-
A	src/services/discord/turn_bridge/terminal_outcome_delivery/cancel_prompt_replace.rs::handle_cancel_prompt_replace	2	예	M5
A	src/services/discord/turn_bridge/terminal_outcome_delivery/delivery_epilogue.rs::handle_delivery_epilogue	2	예	M3,M3(fn)
A	src/services/discord/turn_bridge/terminal_outcome_delivery/foreign_terminal_handoff.rs::handle_known_owner	1	예	-
A	src/services/discord/turn_bridge/terminal_outcome_delivery/foreign_terminal_handoff.rs::resume_payload_with_gateway	1	예	-
A	src/services/discord/turn_bridge/terminal_outcome_delivery/foreign_terminal_handoff.rs::resume_with_gateway	1	예	-
A	src/services/discord/turn_bridge/terminal_outcome_delivery/recovery_retry.rs::handle_recovery_retry	1	예	M6
A	src/services/discord/turn_bridge/two_message_panel.rs::create_bridge_two_message_status_panel_below_answer	4	예	-
A	src/services/discord/turn_bridge/two_message_panel.rs::reanchor_bridge_two_message_status_panel_below_answer	3	예	-
A	src/services/discord/turn_bridge/watcher_orphan_cleanup.rs::cleanup_or_preserve_watcher_orphan_spinner	2	예	M6,M6(fn)
A	src/services/discord/turn_bridge/watcher_orphan_cleanup.rs::spawn_watcher_orphan_spinner_cleanup_retry	1	예	M6
A	src/services/discord/turn_view_reconciler.rs::note_queue_marker_added	1	예	-
A	src/services/discord/turn_view_reconciler.rs::note_queue_marker_removed	1	예	-
A	src/services/discord/turn_view_reconciler.rs::note_queue_marker_removed_delivery	3	예	-
A	src/services/discord/turn_view_reconciler.rs::note_start_rolled_back_to_queued	1	예	-
A	src/services/discord/turn_view_reconciler.rs::note_start_rolled_back_to_queued_delivery	1	예	-
A	src/services/discord/turn_view_reconciler.rs::note_turn_cleared	1	예	-
A	src/services/discord/turn_view_reconciler.rs::note_turn_cleared_if_attempt_matches	1	예	-
A	src/services/discord/turn_view_reconciler.rs::note_turn_completed	1	예	-
A	src/services/discord/turn_view_reconciler.rs::note_turn_failed	1	예	-
A	src/services/discord/turn_view_reconciler.rs::note_turn_started	1	예	-
A	src/services/discord/turn_view_reconciler.rs::note_turn_started_with_attempt	1	예	-
A	src/services/discord/turn_view_reconciler.rs::note_untracked_reaction	1	예	-
A	src/services/discord/turn_view_reconciler.rs::note_untracked_reaction_added	1	예	-
A	src/services/discord/turn_view_reconciler/api.rs::note_intake_queue_marker_removed	1	예	-
A	src/services/discord/turn_view_reconciler/api.rs::note_intake_start_rolled_back_to_queued	1	예	-
A	src/services/discord/turn_view_reconciler/api.rs::note_intake_turn_cleared_if_attempt_matches	1	예	-
A	src/services/discord/turn_view_reconciler/api.rs::note_intake_turn_started_with_attempt	1	예	-
A	src/services/discord/turn_view_reconciler/api.rs::note_intake_turn_via_shared	1	예	-
A	src/services/discord/turn_view_reconciler/api.rs::note_tui_anchor_completed_delivery	1	예	-
A	src/services/discord/turn_view_reconciler/api.rs::note_tui_anchor_delivery	1	예	-
A	src/services/discord/turn_view_reconciler/api.rs::note_tui_anchor_failed_delivery	1	예	-
A	src/services/discord/turn_view_reconciler/apply.rs::apply_diff	4	예	-
A	src/services/discord/turn_view_reconciler/apply.rs::apply_diff_or_cold_terminal	4	예	-
A	src/services/discord/turn_view_reconciler/apply.rs::apply_reaction	2	예	-
A	src/services/discord/turn_view_reconciler/apply.rs::apply_unknown_clear	1	예	-
A	src/services/discord/turn_view_reconciler/apply.rs::compensate_reaction_ops	1	예	-
A	src/services/discord/turn_view_reconciler/apply.rs::remove_legacy_queue_reactions	2	예	-
A	src/services/discord/turn_view_reconciler/orphan_sweep.rs::clear_orphan_pending_tui_anchor	1	예	-
A	src/services/discord/turn_view_reconciler/resolution.rs::note_state	1	예	-
A	src/services/discord/turn_view_reconciler/resolution.rs::note_state_delivery	1	예	-
A	src/services/discord/turn_view_reconciler/resolution.rs::note_state_delivery_with_attempt	1	예	-
A	src/services/discord/turn_view_reconciler/resolution.rs::note_state_delivery_with_clear_attempt_guard	2	예	-
A	src/services/discord/voice_background_driver.rs::start	1	아니오	-
A	src/services/discord/voice_barge_in/final_result_playback.rs::post_voice_playback_failure_notice	1	아니오	-
A	src/services/discord/voice_barge_in/final_result_playback.rs::spawn_spoken_result_playback	1	아니오	-
A	src/services/discord/voice_barge_in/progress_playback.rs::handle_progress_event	1	아니오	-
A	src/services/discord/voice_barge_in/progress_playback.rs::mirror_progress_line	1	아니오	-
A	src/services/discord/voice_barge_in/routing.rs::ask_for_agent	1	아니오	-
A	src/services/discord/voice_barge_in/runtime_lifecycle.rs::try_handle_voice_channel_text_reply	1	아니오	-
A	src/services/discord/voice_barge_in/utterance_pipeline.rs::process_completed_utterance	1	아니오	-
A	src/services/discord/voice_lifecycle.rs::act	1	아니오	-
A	src/services/discord/voice_lifecycle.rs::handle_rejoin_request	1	아니오	-
A	src/services/discord/voice_lifecycle.rs::run_rejoin_loop	1	아니오	-
A	src/services/dispatches/discord_delivery/guard.rs::send_dispatch_with_delivery_guard	1	불명	-
A	src/services/dispatches/discord_delivery/guard.rs::send_dispatch_within_deadline	1	불명	-
A	src/services/dispatches/discord_delivery/orchestration.rs::apply_dispatch_status_reaction_state	7	불명	-
A	src/services/dispatches/discord_delivery/orchestration.rs::send_dispatch	1	불명	-
A	src/services/dispatches/discord_delivery/orchestration.rs::send_dispatch_to_discord_inner_with_context_pg	4	불명	-
A	src/services/dispatches/discord_delivery/orchestration.rs::send_dispatch_to_discord_with_pg_result	1	불명	-
A	src/services/dispatches/discord_delivery/orchestration.rs::send_review_followup	1	불명	-
A	src/services/dispatches/discord_delivery/orchestration.rs::send_review_result_message_via_http	1	불명	-
A	src/services/dispatches/discord_delivery/orchestration.rs::send_review_result_to_primary_with_context_and_transport	1	불명	-
A	src/services/dispatches/discord_delivery/orchestration.rs::send_review_result_to_primary_with_transport	1	불명	-
A	src/services/dispatches/discord_delivery/orchestration.rs::sync_dispatch_status_reaction_with_pg	1	불명	-
A	src/services/dispatches/discord_delivery/orchestration.rs::update_dispatch_reaction_presence	1	불명	-
A	src/services/dispatches/discord_delivery/thread_reuse.rs::try_reuse_thread	1	불명	-
A	src/services/dispatches/discord_delivery/thread_reuse.rs::validate_channel_thread_maps_on_startup_with_backends	1	불명	-
A	src/services/dispatches/discord_delivery/transport.rs::<module>	1	불명	-
A	src/services/dispatches/discord_delivery/transport.rs::edit_raw_message_once	1	불명	-
A	src/services/dispatches/discord_delivery/transport.rs::post_dispatch_message_to_channel_with_delivery	1	불명	-
A	src/services/dispatches/discord_delivery/transport.rs::post_raw_message_once	1	불명	-
A	src/services/dispatches/outbox_queue.rs::dispatch_outbox_loop	1	불명	-
A	src/services/dispatches/outbox_queue.rs::notify_dispatch	1	불명	-
A	src/services/dispatches/outbox_queue.rs::process_outbox_batch_with_pg	2	불명	-
A	src/services/dispatches/outbox_queue.rs::sync_status_reaction	1	불명	-
A	src/services/dispatches/outbox_route.rs::handle_completed_dispatch_followups_internal	2	불명	-
A	src/services/dispatches/outbox_route.rs::handle_completed_dispatch_followups_with_pg	1	불명	-
A	src/services/dispatches/outbox_route.rs::post_dispatch_completion_summary	1	불명	-
A	src/services/github_issue_creation.rs::sync_issue_announcement	2	불명	-
A	src/services/issue_announcements.rs::complete_issue_announcement_pg	1	불명	-
A	src/services/issue_announcements.rs::create_issue_announcement_pg	1	불명	-
A	src/services/issue_announcements.rs::send_issue_announcement_message	2	불명	-
A	src/services/onboarding/channel.rs::channels	1	불명	-
A	src/services/onboarding/channel.rs::channels_post	1	불명	-
A	src/services/onboarding/channel.rs::load_channels	2	불명	-
A	src/services/onboarding/channel.rs::validate_token	1	불명	-
A	src/services/onboarding/mod.rs::<module>	1	불명	-
A	src/services/routines/agent_executor.rs::create_routine_thread	1	불명	-
A	src/services/routines/agent_executor.rs::resolve_or_create_routine_thread	1	불명	-
A	src/services/routines/discord_log.rs::create_routine_thread	1	불명	-
A	src/services/routines/discord_log.rs::log_run_js_action	1	불명	-
A	src/services/routines/discord_log.rs::log_run_js_inputs	1	불명	-
A	src/services/routines/discord_log.rs::log_run_outcome	1	불명	-
A	src/services/routines/discord_log.rs::log_run_section	1	불명	-
A	src/services/routines/discord_log.rs::log_run_started	1	불명	-
A	src/services/routines/discord_log.rs::resolve_or_create_log_thread	1	불명	-
A	src/services/routines/discord_log.rs::send_or_edit_run_log	2	불명	-
B	src/cli/dcserver.rs::handle_dcserver	2	불명	-
B	src/engine/ops.rs::register_globals_pg_only	1	불명	-
B	src/engine/ops/exec_ops.rs::register_exec_ops	1	불명	M18
B	src/server/routes/domains/ops.rs::router	1	불명	-
B	src/server/routes/domains/runtime.rs::router	2	불명	-
B	src/server/routes/health_api.rs::rebind_inflight_handler	1	불명	-
B	src/server/routes/health_api.rs::stale_mailbox_repair_handler	2	불명	-
B	src/server/routes/mod.rs::compose_api_router	1	불명	-
B	src/services/discord/abandon_request_store.rs::current_drain_ownership	1	불명	-
B	src/services/discord/adk_session.rs::emit_context_compacted_lifecycle_for_inflight	1	불명	-
B	src/services/discord/destructive_cancel_gate.rs::evaluate	1	불명	-
B	src/services/discord/footer_view_reconciler/mod.rs::prepare_turn_completed_footer	1	예	-
B	src/services/discord/health.rs::rebind_inflight	1	예	-
B	src/services/discord/health.rs::rebind_inflight_after_force_clean	1	예	M10
B	src/services/discord/health/recovery.rs::clear_idle_tmux_stale_turn	2	예	-
B	src/services/discord/health/recovery.rs::clear_idle_tmux_stale_turn_inflight_if_pinned	2	예	-
B	src/services/discord/health/recovery.rs::clear_persistent_inflight_for_stop	1	예	R32
B	src/services/discord/health/recovery.rs::clear_recovered_leak_inflight	1	예	-
B	src/services/discord/health/recovery.rs::clear_recovered_leak_inflight_in_root	2	예	-
B	src/services/discord/health/recovery.rs::force_kill_provider_channel_runtime	1	예	-
B	src/services/discord/health/recovery.rs::handle_rebind_inflight	1	예	-
B	src/services/discord/health/recovery.rs::load_idle_tmux_stale_turn_inflight_clear_candidate	1	예	-
B	src/services/discord/health/recovery.rs::maybe_recover_completed_stale_leak	3	예	M8,M8(fn)
B	src/services/discord/health/recovery.rs::rebind_channel_provider_session	1	예	-
B	src/services/discord/health/recovery.rs::resolve_tmux_session_for_cancel	1	예	-
B	src/services/discord/health/recovery.rs::revalidate_and_clear_explicit_background_inflight	1	예	-
B	src/services/discord/health/recovery.rs::run_stall_watchdog_pass	8	예	-
B	src/services/discord/health/recovery.rs::stop_provider_channel_runtime_with_policy	4	예	M18,M18(fn),R32,R32(fn)
B	src/services/discord/health/recovery/stall_watchdog_task.rs::spawn_stall_watchdog	1	예	-
B	src/services/discord/health/relay_auto_heal.rs::commit_redrive_success	2	예	-
B	src/services/discord/health/relay_auto_heal.rs::redrive_episode	1	예	-
B	src/services/discord/health/relay_auto_heal.rs::redrive_undelivered_backlog	1	예	-
B	src/services/discord/health/relay_auto_heal.rs::redrive_undelivered_backlog_at	1	예	-
B	src/services/discord/health/watcher_respawn.rs::complete_force_clean_watcher_recovery	1	예	-
B	src/services/discord/health/watcher_respawn.rs::reclaim_watcherless_session_bound_relay	1	예	-
B	src/services/discord/health/watcher_respawn.rs::respawn_watcher_after_force_clean	1	예	-
B	src/services/discord/health/watcher_respawn.rs::retry_pending_watcher_respawn	2	예	-
B	src/services/discord/idle_detector.rs::run_pass	1	불명	-
B	src/services/discord/idle_recap.rs::inflight_has_active_turn	1	불명	-
B	src/services/discord/inflight.rs::clear_inflight_by_tmux_name	1	예	M18
B	src/services/discord/inflight.rs::delete_inflight_state_file	1	예	R32
B	src/services/discord/inflight.rs::inflight_state_allows_idle_tmux_repair	1	예	-
B	src/services/discord/inflight.rs::load_inflight_state	1	예	-
B	src/services/discord/inflight.rs::mark_all_inflight_states_restart_mode	1	예	-
B	src/services/discord/inflight.rs::mark_all_inflight_states_restart_mode_checked	1	예	-
B	src/services/discord/inflight.rs::set_inflight_restart_mode_under_lock	1	예	-
B	src/services/discord/inflight/anchor_repost.rs::bump_anchor_repost_attempts_if_matches_identity	1	예	-
B	src/services/discord/inflight/anchor_repost.rs::bump_anchor_repost_attempts_if_matches_identity_in_root	1	예	-
B	src/services/discord/inflight/anchor_repost.rs::mark_anchor_reposted_if_matches_identity	1	예	-
B	src/services/discord/inflight/anchor_repost.rs::mark_anchor_reposted_if_matches_identity_in_root	1	예	-
B	src/services/discord/inflight/anchor_repost.rs::mutate_matching_row_in_root	1	예	-
B	src/services/discord/inflight/budget.rs::bump_recovery_relay_attempts_if_matches_identity	1	예	-
B	src/services/discord/inflight/budget.rs::bump_recovery_relay_attempts_if_matches_identity_in_root	1	예	-
B	src/services/discord/inflight/clear_store/abandon.rs::request_inflight_abandon_for_captured_episode	1	예	-
B	src/services/discord/inflight/clear_store/abandon.rs::request_inflight_abandon_if_matches	1	예	-
B	src/services/discord/inflight/clear_store/abandon.rs::request_inflight_abandon_if_matches_in_root	1	예	-
B	src/services/discord/inflight/clear_store/abandon.rs::request_inflight_abandon_if_matches_zero_owned	1	예	-
B	src/services/discord/inflight/clear_store/abandon.rs::request_inflight_abandon_if_matches_zero_owned_in_root	1	예	-
B	src/services/discord/inflight/clear_store/abandon.rs::request_inflight_abandon_matching_in_root	1	예	-
B	src/services/discord/inflight/clear_store/identity.rs::clear_inflight_state_for_captured_episode	1	예	-
B	src/services/discord/inflight/clear_store/identity.rs::clear_inflight_state_if_matches_identity_in_root	1	예	-
B	src/services/discord/inflight/clear_store/identity.rs::clear_inflight_state_if_matches_identity_returning_row_in_root	1	예	-
B	src/services/discord/inflight/clear_store/identity.rs::clear_inflight_state_if_matches_identity_turn_nonce_for_reconcile_in_root	1	예	-
B	src/services/discord/inflight/clear_store/identity.rs::clear_inflight_state_if_matches_identity_turn_nonce_impl_in_root	1	예	-
B	src/services/discord/inflight/clear_store/identity.rs::clear_inflight_state_if_matches_identity_turn_nonce_in_root	1	예	-
B	src/services/discord/inflight/clear_store/identity.rs::clear_rebind_origin_inflight_state_if_matches_identity_for_reconcile_in_root	1	예	-
B	src/services/discord/inflight/clear_store/identity.rs::clear_rebind_origin_inflight_state_if_matches_identity_impl_in_root	1	예	-
B	src/services/discord/inflight/clear_store/identity.rs::clear_rebind_origin_inflight_state_if_matches_identity_in_root	1	예	-
B	src/services/discord/inflight/clear_store/identity.rs::remove_identity_matched_state	1	예	-
B	src/services/discord/inflight/clear_store/mod.rs::archive_inflight_state_if_matches_identity_generation	1	예	-
B	src/services/discord/inflight/clear_store/mod.rs::archive_inflight_state_if_matches_identity_generation_in_root	1	예	R32
B	src/services/discord/inflight/clear_store/mod.rs::clear_inflight_state_for_snapshot	1	예	-
B	src/services/discord/inflight/clear_store/mod.rs::clear_inflight_state_if_matches	1	예	-
B	src/services/discord/inflight/clear_store/mod.rs::clear_inflight_state_if_matches_identity	1	예	-
B	src/services/discord/inflight/clear_store/mod.rs::clear_inflight_state_if_matches_identity_after_delivery	1	예	-
B	src/services/discord/inflight/clear_store/mod.rs::clear_inflight_state_if_matches_identity_generation	1	예	-
B	src/services/discord/inflight/clear_store/mod.rs::clear_inflight_state_if_matches_identity_generation_and_episode_in_root	1	예	-
B	src/services/discord/inflight/clear_store/mod.rs::clear_inflight_state_if_matches_identity_generation_in_root	1	예	-
B	src/services/discord/inflight/clear_store/mod.rs::clear_inflight_state_if_matches_identity_returning_row	1	예	-
B	src/services/discord/inflight/clear_store/mod.rs::clear_inflight_state_if_matches_identity_turn_nonce	1	예	-
B	src/services/discord/inflight/clear_store/mod.rs::clear_inflight_state_if_matches_tmux_response_in_root	1	예	-
B	src/services/discord/inflight/clear_store/mod.rs::clear_inflight_state_if_matches_zero_owned	1	예	-
B	src/services/discord/inflight/clear_store/mod.rs::clear_inflight_state_if_matches_zero_owned_in_root	1	예	-
B	src/services/discord/inflight/clear_store/mod.rs::clear_lifecycle_inflight_state_if_matches_identity_after_death_evidence	1	예	-
B	src/services/discord/inflight/clear_store/mod.rs::clear_rebind_origin_inflight_state_if_matches_identity	1	예	-
B	src/services/discord/inflight/clear_store/mod.rs::refresh_inflight_last_offset_if_matches_identity	1	예	-
B	src/services/discord/inflight/clear_store/mod.rs::refresh_inflight_last_offset_if_matches_identity_in_root	1	예	-
B	src/services/discord/inflight/clear_store/reconcile_gate.rs::clear_inflight_state_for_reconcile	1	예	-
B	src/services/discord/inflight/clear_store/reconcile_gate.rs::clear_inflight_state_for_reconcile_in_root	1	예	-
B	src/services/discord/inflight/clear_store/reconcile_gate.rs::clear_inflight_state_for_reconcile_with_allocation_in_root	1	예	-
B	src/services/discord/inflight/clear_store/reconcile_gate.rs::clear_rebind_origin_for_reconcile	1	예	-
B	src/services/discord/inflight/clear_store/reconcile_gate.rs::clear_rebind_origin_for_reconcile_in_root	1	예	-
B	src/services/discord/inflight/clear_store/reconcile_gate.rs::clear_rebind_origin_for_reconcile_with_allocation_in_root	1	예	-
B	src/services/discord/inflight/episode_guard.rs::adopt_and_lock_inflight_episode	1	예	-
B	src/services/discord/inflight/episode_guard.rs::bind_synthetic_anchor_under_guard	1	예	-
B	src/services/discord/inflight/episode_guard.rs::mark_readopted_under_guard	1	예	-
B	src/services/discord/inflight/finalizer_identity.rs::backfill_finalizer_turn_id_under_lock	1	예	-
B	src/services/discord/inflight/orphan_relay_reclaim.rs::downgrade_orphan_owner_in_root	1	예	M11
B	src/services/discord/inflight/orphan_relay_reclaim.rs::downgrade_orphaned_session_bound_relay_owner_locked	1	예	-
B	src/services/discord/inflight/orphan_relay_reclaim.rs::downgrade_orphaned_session_bound_relay_owner_locked_in_root	1	예	-
B	src/services/discord/inflight/orphan_relay_reclaim.rs::mark_session_bound_relay_delivered_locked	1	예	-
B	src/services/discord/inflight/orphan_relay_reclaim.rs::mark_session_bound_relay_delivered_locked_in_root	1	예	-
B	src/services/discord/inflight/orphan_relay_reclaim.rs::reclaim_watcherless_session_bound_relay_owner	2	예	-
B	src/services/discord/inflight/ownership_ops.rs::bind_status_panel	1	예	-
B	src/services/discord/inflight/ownership_ops.rs::bind_status_panel_in_root	1	예	-
B	src/services/discord/inflight/ownership_ops.rs::clear_current_msg_if_matches	1	예	-
B	src/services/discord/inflight/ownership_ops.rs::clear_current_msg_if_matches_in_root	1	예	-
B	src/services/discord/inflight/ownership_ops.rs::clear_status_panel_if_current	1	예	-
B	src/services/discord/inflight/ownership_ops.rs::clear_status_panel_if_current_in_root	1	예	-
B	src/services/discord/inflight/rebind_reap.rs::reap_abandoned_rebind_origin_locked	1	예	-
B	src/services/discord/inflight/rebind_reap.rs::reap_abandoned_rebind_origin_locked_in_root	1	예	-
B	src/services/discord/inflight/rebind_reap.rs::reap_dead_watcher_rebind_origin_locked	1	예	-
B	src/services/discord/inflight/rebind_reap.rs::reap_dead_watcher_rebind_origin_locked_in_root	1	예	-
B	src/services/discord/inflight/rebind_reap.rs::sweep_reap_dead_watcher_rebind_origin	1	예	-
B	src/services/discord/inflight/removal.rs::invalidate_stale_generation	1	예	R32
B	src/services/discord/inflight/removal.rs::invalidate_stale_generation_in_root	2	예	R32
B	src/services/discord/inflight/removal/boot_reaper.rs::reap_inflight_rows_at_boot_blocking	1	예	-
B	src/services/discord/inflight/removal/boot_reaper.rs::reap_inflight_rows_at_boot_with_guard	1	예	-
B	src/services/discord/inflight/save_store.rs::create_new_atomic_write	1	예	-
B	src/services/discord/inflight/save_store.rs::save_inflight_state_create_new	1	예	-
B	src/services/discord/inflight/save_store.rs::save_inflight_state_create_new_in_root	1	예	-
B	src/services/discord/inflight/save_store.rs::save_inflight_state_if_absent	1	예	-
B	src/services/discord/inflight/save_store.rs::save_inflight_state_if_absent_in_root	1	예	-
B	src/services/discord/inflight/save_store/delivery_rewind.rs::save_inflight_delivery_rewind_if_matches_identity	1	예	-
B	src/services/discord/inflight/save_store/delivery_rewind.rs::save_inflight_delivery_rewind_if_matches_identity_in_root	1	예	-
B	src/services/discord/inflight/save_store/identity_gate.rs::bind_recovery_anchor_for_snapshot	1	예	-
B	src/services/discord/inflight/save_store/identity_gate.rs::bind_recovery_anchor_if_matches_identity	1	예	-
B	src/services/discord/inflight/save_store/identity_gate.rs::bind_recovery_anchor_if_matches_snapshot	1	예	-
B	src/services/discord/inflight/save_store/identity_gate.rs::lock_and_save_existing_inflight_rebind_adoption_impl_in_root	1	예	-
B	src/services/discord/inflight/save_store/identity_gate.rs::mark_readopted_from_inflight_if_identity_unchanged	1	예	-
B	src/services/discord/inflight/save_store/identity_gate.rs::mark_readopted_from_inflight_if_identity_unchanged_in_root	1	예	-
B	src/services/discord/inflight/save_store/identity_gate.rs::patch_restart_full_response_if_identity_unchanged	1	예	-
B	src/services/discord/inflight/save_store/identity_gate.rs::patch_restart_full_response_if_identity_unchanged_in_root	1	예	-
B	src/services/discord/inflight/save_store/identity_gate.rs::persist_leak_recovery_response_offset_if_matches_identity_locked	1	예	-
B	src/services/discord/inflight/save_store/identity_gate.rs::persist_leak_recovery_response_offset_if_matches_identity_locked_in_root	1	예	-
B	src/services/discord/inflight/save_store/identity_gate.rs::persist_recovery_output_path_if_matches_identity_locked	1	예	-
B	src/services/discord/inflight/save_store/identity_gate.rs::persist_recovery_output_path_if_matches_identity_locked_in_root	1	예	-
B	src/services/discord/inflight/save_store/identity_gate.rs::save_existing_inflight_rebind_adoption_if_matches_identity_in_root	1	예	-
B	src/services/discord/inflight/save_store/identity_gate.rs::save_existing_inflight_rebind_adoption_impl_in_root	1	예	-
B	src/services/discord/inflight/save_store/identity_gate.rs::save_existing_inflight_rebind_adoption_with_offset_rebase_if_matches_identity_in_root	1	예	-
B	src/services/discord/inflight/save_store/identity_gate.rs::save_inflight_state_identity_gated_in_root	1	예	-
B	src/services/discord/inflight/save_store/identity_gate.rs::save_inflight_state_if_identity_matches_allow_output_restamp	1	예	-
B	src/services/discord/inflight/save_store/identity_gate.rs::save_inflight_state_if_identity_matches_allow_output_restamp_in_root	1	예	-
B	src/services/discord/inflight/save_store/identity_gate.rs::save_inflight_state_if_identity_unchanged	1	예	-
B	src/services/discord/inflight/save_store/identity_gate.rs::save_inflight_state_if_identity_unchanged_in_root	1	예	-
B	src/services/discord/inflight/save_store/identity_gate/bridge_entry.rs::patch_bridge_entry_state_if_identity_unchanged	1	예	-
B	src/services/discord/inflight/save_store/identity_gate/bridge_entry.rs::patch_bridge_entry_state_if_identity_unchanged_in_root	1	예	-
B	src/services/discord/inflight/save_store/identity_gate/bridge_entry.rs::patch_bridge_entry_state_if_identity_unchanged_in_root_impl	1	예	-
B	src/services/discord/inflight/save_store/identity_gate/bridge_entry.rs::patch_bridge_entry_state_tracking_placeholder_clear	1	예	-
B	src/services/discord/inflight/save_store/identity_gate/claude_e_stamp.rs::stamp_claude_e_process_if_matches_identity	1	예	-
B	src/services/discord/inflight/save_store/identity_gate/claude_e_stamp.rs::stamp_claude_e_process_if_matches_identity_in_root	1	예	-
B	src/services/discord/inflight/save_store/identity_gate/completion_preserve.rs::save_inflight_state_if_matches_identity	1	예	-
B	src/services/discord/inflight/save_store/identity_gate/completion_preserve.rs::save_inflight_state_if_matches_identity_in_root	1	예	-
B	src/services/discord/inflight/save_store/identity_gate/heartbeat.rs::touch_inflight_state_if_matches_identity	1	예	-
B	src/services/discord/inflight/save_store/identity_gate/heartbeat.rs::touch_inflight_state_if_matches_identity_in_root	1	예	-
B	src/services/discord/inflight/save_store/identity_gate/runtime_stamp.rs::admit_codex_terminal_range_in_root	1	예	-
B	src/services/discord/inflight/save_store/identity_gate/runtime_stamp.rs::admit_codex_tui_terminal_frame	1	예	-
B	src/services/discord/inflight/save_store/identity_gate/runtime_stamp.rs::admit_tui_terminal_frame	2	예	-
B	src/services/discord/inflight/save_store/identity_gate/runtime_stamp.rs::persist_terminal_range	1	예	-
B	src/services/discord/inflight/save_store/identity_gate/runtime_stamp.rs::stamp_runtime_handoff_if_matches_identity	1	예	-
B	src/services/discord/inflight/save_store/identity_gate/runtime_stamp.rs::stamp_runtime_handoff_if_matches_identity_in_root	1	예	-
B	src/services/discord/inflight/save_store/identity_gate/stream_loop_patch.rs::clear_long_running_placeholder_if_matches_identity	1	예	-
B	src/services/discord/inflight/save_store/identity_gate/stream_loop_patch.rs::clear_long_running_placeholder_if_matches_identity_in_root	1	예	-
B	src/services/discord/inflight/save_store/identity_gate/stream_loop_patch.rs::patch_restart_mode_if_matches_identity	1	예	-
B	src/services/discord/inflight/save_store/identity_gate/stream_loop_patch.rs::patch_restart_mode_if_matches_identity_in_root	1	예	-
B	src/services/discord/inflight/save_store/identity_gate/stream_loop_patch.rs::save_stream_tick_state_if_bridge_authority	1	예	-
B	src/services/discord/inflight/save_store/identity_gate/stream_loop_patch.rs::save_stream_tick_state_if_bridge_authority_in_root	1	예	-
B	src/services/discord/inflight/save_store/identity_gate/stream_loop_patch.rs::save_stream_tick_state_preserving_current_message_races	1	예	-
B	src/services/discord/inflight/save_store/identity_gate/stream_loop_patch.rs::save_stream_tick_state_preserving_current_message_races_in_root	1	예	-
B	src/services/discord/inflight/save_store/identity_gate/stream_loop_patch.rs::save_stream_tick_state_preserving_current_message_races_in_root_with_mode	1	예	-
B	src/services/discord/inflight/save_store/rebind_adoption.rs::save_existing_inflight_rebind_adoption_if_matches_episode	1	예	-
B	src/services/discord/inflight/save_store/rebind_adoption.rs::save_existing_inflight_rebind_adoption_if_matches_identity	1	예	-
B	src/services/discord/inflight/save_store/rebind_adoption.rs::save_existing_inflight_rebind_adoption_with_offset_rebase_if_matches_episode	1	예	-
B	src/services/discord/inflight/save_store/rebind_adoption.rs::save_existing_inflight_rebind_adoption_with_offset_rebase_if_matches_identity	1	예	-
B	src/services/discord/inflight/store.rs::persist_readopted_under_lock	1	예	-
B	src/services/discord/inflight/store.rs::persist_under_lock	1	예	-
B	src/services/discord/inflight/store.rs::persist_under_lock_inner	1	예	-
B	src/services/discord/inflight/store.rs::persist_under_lock_preserving_updated_at	1	예	-
B	src/services/discord/inflight/store.rs::persist_under_lock_with_snapshot	1	예	-
B	src/services/discord/inflight/watcher_state.rs::persist_watcher_relay_watermark_locked	1	예	-
B	src/services/discord/inflight/watcher_state.rs::persist_watcher_relay_watermark_locked_in_root	1	예	-
B	src/services/discord/inflight_heartbeat_sweeper.rs::run_heartbeat_sweep_pass_inner	2	예	M19,M19(fn)
B	src/services/discord/inflight_heartbeat_sweeper.rs::spawn_heartbeat_sweeper	1	예	-
B	src/services/discord/mod.rs::cleanup_retry_inflight_blocks_idle_kickoff	1	예	-
B	src/services/discord/mod.rs::clear_inflight_by_tmux_name	1	예	-
B	src/services/discord/mod.rs::clear_inflight_state_for_channel	1	예	R32
B	src/services/discord/mod.rs::ensure_cancel_token_bound_from_inflight	1	예	-
B	src/services/discord/mod.rs::idle_queue_channel_has_kickable_backlog	1	예	-
B	src/services/discord/mod.rs::idle_queue_snapshot_has_kickable_backlog	1	예	-
B	src/services/discord/mod.rs::idle_queue_take_next_soft_if_ready	1	예	-
B	src/services/discord/mod.rs::infer_inflight_tmux_session_for_channel	1	예	-
B	src/services/discord/outbound/delivery_record.rs::shadow_mirror_delivered_frontier_inner	1	불명	-
B	src/services/discord/placeholder_sweeper.rs::run_placeholder_sweep_pass	6	예	M12(fn)
B	src/services/discord/placeholder_sweeper.rs::spawn_placeholder_sweeper	3	예	-
B	src/services/discord/placeholder_sweeper.rs::sweep_orphan_status_panel	2	예	-
B	src/services/discord/placeholder_sweeper/abandon_guard.rs::delete_state_if_allowed	1	예	M12
B	src/services/discord/placeholder_sweeper/abandon_guard.rs::finalize_cleanup_if_same_turn	1	예	-
B	src/services/discord/placeholder_sweeper/abandon_guard.rs::finalize_owner_dead_cleanup_if_same_turn	1	예	-
B	src/services/discord/placeholder_sweeper/abandon_guard.rs::finalize_probe_cleanup_if_same_turn	1	예	-
B	src/services/discord/queue_dispatch/kickoff.rs::kickoff_idle_queue_channel	1	불명	-
B	src/services/discord/queue_io.rs::race_loss_requeue_snapshot_has_idle_kickable_backlog	1	불명	-
B	src/services/discord/queue_io.rs::schedule_post_enqueue_idle_queue_kick	1	불명	-
B	src/services/discord/recovery_engine/completion_delivery.rs::commit	2	예	-
B	src/services/discord/recovery_engine/completion_delivery.rs::complete_recovery_visible_turn	1	예	-
B	src/services/discord/recovery_engine/completion_delivery.rs::complete_recovery_visible_turn_with_sniffer	1	예	-
B	src/services/discord/recovery_engine/crash_resume_guard.rs::guard_readopt_relay_resume_or_dead_letter	1	예	-
B	src/services/discord/recovery_engine/idle_captured_response.rs::recover_idle_partial_response	1	예	M7(fn)
B	src/services/discord/recovery_engine/idle_captured_response.rs::recover_idle_partial_response_from_ready_source	1	예	-
B	src/services/discord/recovery_engine/idle_captured_response.rs::retire_captured_ready_response	1	예	-
B	src/services/discord/recovery_engine/idle_captured_response.rs::settle_captured_ready_delivery	1	예	-
B	src/services/discord/recovery_engine/idle_captured_response.rs::settle_ready_without_output	1	예	-
B	src/services/discord/recovery_engine/idle_captured_response.rs::settle_ready_without_output_for_actor	4	예	-
B	src/services/discord/recovery_engine/manual_rebind/coordinate_adoption.rs::adopt_coordinates	3	예	-
B	src/services/discord/recovery_engine/manual_rebind/episode_handoff.rs::commit_episode_side_effects	1	예	-
B	src/services/discord/recovery_engine/manual_rebind/mod.rs::apply	5	예	-
B	src/services/discord/recovery_engine/manual_rebind/mod.rs::rebind_inflight_for_channel	1	예	-
B	src/services/discord/recovery_engine/restore_inflight/kickoff_identity.rs::apply_ownerless_dead_pane_outcome	1	예	-
B	src/services/discord/recovery_engine/restore_inflight/kickoff_identity.rs::dispose_ownerless_row	1	예	-
B	src/services/discord/recovery_engine/restore_persist_outcome.rs::restore_codex_rollout_output_path	1	예	-
B	src/services/discord/recovery_engine/routing_orphan.rs::cleanup_routing_orphaned_inflight	1	예	-
B	src/services/discord/recovery_engine/routing_orphan.rs::route_recovery_skip	1	예	-
B	src/services/discord/recovery_engine/runtime.rs::mark_readopted_from_inflight	1	예	-
B	src/services/discord/recovery_engine/runtime.rs::reregister_active_turn_from_inflight	1	예	-
B	src/services/discord/recovery_engine/runtime.rs::reregister_active_turn_from_inflight_inner	3	예	-
B	src/services/discord/recovery_engine/runtime.rs::reregister_active_turn_from_inflight_under_episode_guard	1	예	-
B	src/services/discord/recovery_engine/status_panel.rs::completion_target	1	예	-
B	src/services/discord/recovery_engine/terminal_text_idempotency.rs::bind_after_actor_check	1	예	-
B	src/services/discord/recovery_engine/terminal_text_idempotency.rs::record_successful_fresh_send	1	예	-
B	src/services/discord/recovery_engine/terminal_text_idempotency.rs::record_successful_fresh_send_with_snapshot	2	예	-
B	src/services/discord/recovery_engine/two_message_panel.rs::recover_two_message_panel	1	예	-
B	src/services/discord/recovery_engine/two_message_panel.rs::recover_two_message_panel_with_gateway	2	예	-
B	src/services/discord/recovery_paths/restart.rs::apply_undeliverable_relay_disposition	2	예	M18,M18(fn),R32,R32(fn)
B	src/services/discord/recovery_paths/restart.rs::dispose_recovery_relay_outcome	2	예	M18,M18(fn),R32,R32(fn)
B	src/services/discord/recovery_paths/restart.rs::recover_committed_anchor_repost	2	예	-
B	src/services/discord/recovery_paths/restart.rs::try_recover_anchor_repost	2	예	-
B	src/services/discord/relay_recovery/apply.rs::apply_relay_recovery_decision	5	예	-
B	src/services/discord/relay_recovery/idle_tmux.rs::channel_has_unrelayed_idle_tmux_tail_answer	1	예	-
B	src/services/discord/relay_recovery/idle_tmux.rs::clear_idle_tmux_reattach_inflight_if_pinned	2	예	-
B	src/services/discord/relay_recovery/idle_tmux.rs::finalize_cancelled_watcher_owner_turn	1	예	-
B	src/services/discord/relay_recovery/idle_tmux.rs::idle_tmux_repair_ready_for_input_with_pane_probe	1	예	-
B	src/services/discord/relay_recovery/idle_tmux.rs::load_idle_tmux_reattach_inflight_clear_candidate	1	예	-
B	src/services/discord/relay_recovery/idle_tmux.rs::relay_recovery_cancel_finalize_context	1	예	-
B	src/services/discord/relay_recovery/idle_tmux.rs::relay_recovery_probe_snapshot_for_owner	1	예	-
B	src/services/discord/relay_recovery/idle_tmux.rs::warn_idle_tmux_reattach_inflight_clear_refused	1	예	-
B	src/services/discord/relay_recovery_auto_heal_apply.rs::apply_relay_recovery_plan_with_seams	1	예	-
B	src/services/discord/relay_recovery_reattach_apply.rs::apply_rebind	1	예	-
B	src/services/discord/router/intake_dispatch/attachment.rs::prepare_admitted_live_attachments	1	불명	-
B	src/services/discord/router/intake_gate.rs::handle_event	4	불명	-
B	src/services/discord/router/intake_gate/stale_turn.rs::classify_channel_stale_active_turn_proof	1	불명	-
B	src/services/discord/router/intake_gate/stale_turn.rs::mailbox_has_live_active_turn_or_cleanup_stale_proof	1	불명	-
B	src/services/discord/router/intake_gate/stale_turn.rs::release_queue_blocked_stale_active_turn	1	불명	M18,R32
B	src/services/discord/router/intake_gate/stale_turn.rs::thread_guard_force_clean_stale_thread	1	불명	M18,R32
B	src/services/discord/router/message_handler.rs::finish_admitted_local	1	불명	-
B	src/services/discord/router/message_handler/headless_turn.rs::start_reserved_headless_turn_with_owner	3	불명	-
B	src/services/discord/router/message_handler/headless_turn/entrypoints.rs::start_reserved_headless_turn	1	불명	-
B	src/services/discord/router/message_handler/headless_turn/entrypoints.rs::start_voice_headless_turn	1	불명	-
B	src/services/discord/router/message_handler/intake_turn.rs::handle_text_message	5	불명	-
B	src/services/discord/router/message_handler/intake_turn/worker_entry.rs::execute_intake_turn_core	1	불명	-
B	src/services/discord/router/message_handler/provider_isolation.rs::ensure_provider_worktree_isolation	2	불명	-
B	src/services/discord/router/message_handler/provider_isolation.rs::reconstruct_unowned_managed_worktree	1	불명	-
B	src/services/discord/router/message_handler/tui_followup.rs::tui_busy_followup_diagnostic	1	불명	-
B	src/services/discord/router/message_handler/watchdog.rs::attach_paused_turn_watcher_for_inflight	1	불명	-
B	src/services/discord/runtime_bootstrap/framework_setup.rs::run_bot_framework_setup	2	예	-
B	src/services/discord/runtime_bootstrap/gateway_runtime.rs::run_bot_start_gateway_runtime	2	예	-
B	src/services/discord/runtime_bootstrap/queued_recovery.rs::restore_worker_queues	1	예	-
B	src/services/discord/runtime_bootstrap/recovery_flush.rs::run_bot_spawn_recovery_and_flush_restart_reports	2	예	-
B	src/services/discord/runtime_bootstrap/shutdown.rs::run_bot_spawn_sigterm_handler	1	예	-
B	src/services/discord/runtime_bootstrap/spawns.rs::run_bot_spawn_dead_tmux_reaper	1	예	-
B	src/services/discord/session_relay_sink.rs::run_idle_jsonl_relay_loop	2	예	-
B	src/services/discord/session_relay_sink/delivery_commit.rs::advance_offset_for_confirmed_delegated_terminal	1	예	-
B	src/services/discord/session_relay_sink/delivery_frontier.rs::current_inflight_matches	1	예	-
B	src/services/discord/session_relay_sink/delivery_frontier.rs::finish_sink_delivery	1	예	-
B	src/services/discord/session_relay_sink/delivery_frontier.rs::persist_sink_delivery	1	예	-
B	src/services/discord/session_relay_sink/orphan_reclaim.rs::reclaim_orphaned_session_bound_relay_if_dead	1	예	-
B	src/services/discord/session_relay_sink/short_controller.rs::deliver_short_replace_via_controller	1	예	-
B	src/services/discord/session_relay_sink/task_notification_context.rs::deliver_new_message_with_task_authority	1	예	-
B	src/services/discord/session_runtime.rs::auto_restore_session_force	2	예	-
B	src/services/discord/session_runtime.rs::bootstrap_thread_session	2	예	-
B	src/services/discord/session_runtime.rs::rebind_channel_session	1	예	-
B	src/services/discord/session_runtime/worktree.rs::reconstruct_managed_worktree_metadata	1	예	-
B	src/services/discord/session_runtime/worktree.rs::sync_inflight_worktree_context	2	예	-
B	src/services/discord/status_panel_orphan_store.rs::drain	2	예	M13(fn)
B	src/services/discord/task_notification_delivery/mod.rs::ensure_card_with_shared	1	예	-
B	src/services/discord/terminal_ui_obligation.rs::resolve_terminal_ui_session	1	불명	-
B	src/services/discord/tmux.rs::persist_watcher_stream_progress	1	예	-
B	src/services/discord/tmux.rs::reconcile_orphan_suppressed_placeholder_for_restored_watcher	1	예	-
B	src/services/discord/tmux.rs::watcher_should_yield_to_active_bridge_turn	1	예	-
B	src/services/discord/tmux/monitor_auto_turn_inflight.rs::ensure_monitor_auto_turn_inflight	2	예	-
B	src/services/discord/tmux_kill_policy.rs::provider_native_output_offset_for_stop	1	불명	-
B	src/services/discord/tmux_reaper.rs::finalize_stale_busy_turn	1	예	-
B	src/services/discord/tmux_reaper.rs::heal_stale_busy_mailbox	1	예	-
B	src/services/discord/tmux_reaper.rs::heal_stale_busy_mailbox_with_probe	1	예	-
B	src/services/discord/tmux_reaper.rs::reap_dead_tmux_sessions	1	예	-
B	src/services/discord/tmux_reaper.rs::reap_stale_busy_mailboxes	1	예	-
B	src/services/discord/tmux_reaper.rs::reap_stale_busy_mailboxes_with_probe	1	예	-
B	src/services/discord/tmux_reaper.rs::recorded_inflight_tmux_session_name	1	예	-
B	src/services/discord/tmux_restart_handoff.rs::resume_aborted_restart_turn	2	예	M1(fn)
B	src/services/discord/tmux_restart_handoff.rs::start_restart_handoff_from_state	1	예	M1,R32
B	src/services/discord/tmux_watcher/commit_decisions.rs::mark_watcher_terminal_delivery_committed	1	예	-
B	src/services/discord/tmux_watcher/committed_placeholder_cleanup.rs::reconcile_confirmed_preview	1	예	-
B	src/services/discord/tmux_watcher/completion_gate.rs::run_tui_completion_gate	1	예	-
B	src/services/discord/tmux_watcher/completion_producer.rs::release_restored_watcher_active_turn_before_panel_edit	1	예	-
B	src/services/discord/tmux_watcher/entry.rs::restore_delivery_position	1	예	-
B	src/services/discord/tmux_watcher/entry.rs::tmux_output_watcher	1	예	-
B	src/services/discord/tmux_watcher/jsonl_rotation/idle_gate.rs::collect_rotation_idle_evidence	1	예	-
B	src/services/discord/tmux_watcher/liveness.rs::commit_watcher_direct_terminal_session_idle	1	예	-
B	src/services/discord/tmux_watcher/no_result_exits.rs::handle_no_result_exits	5	예	-
B	src/services/discord/tmux_watcher/orphan_status_panel_cleanup.rs::cleanup_orphan_external_input_status_panel	1	예	-
B	src/services/discord/tmux_watcher/panel_decisions.rs::watcher_external_input_turn_abandoned	1	예	-
B	src/services/discord/tmux_watcher/placeholder_reclaim.rs::reclaim_orphan_external_input_placeholder	2	예	-
B	src/services/discord/tmux_watcher/pre_emit_guard.rs::run_pre_emit_guard	3	예	-
B	src/services/discord/tmux_watcher/pre_emit_guard.rs::session_bound_terminal_ack_can_reconcile	1	예	-
B	src/services/discord/tmux_watcher/stall_exit.rs::finalize_pinned_watcher_exit	1	예	-
B	src/services/discord/tmux_watcher/terminal_abort_exits.rs::handle_terminal_abort_exits	1	예	-
B	src/services/discord/tmux_watcher/terminal_preflight.rs::run_terminal_preflight_prepare	3	예	-
B	src/services/discord/tmux_watcher/terminal_send.rs::apply_watcher_short_replace_controller	1	예	-
B	src/services/discord/tmux_watcher/turn_identity.rs::emit_explicit_inflight_cleanup_signal	1	예	-
B	src/services/discord/tmux_watcher/turn_identity.rs::refresh_watcher_turn_identity	1	예	-
B	src/services/discord/tmux_watcher/turn_stream_collector.rs::collect_turn_stream_until_terminal	3	예	-
B	src/services/discord/tmux_watcher/two_message_panel.rs::preregister_watcher_two_message_panel_orphan	1	예	-
B	src/services/discord/tmux_watcher/two_message_panel.rs::reanchor_watcher_two_message_status_panel_below_answer	1	예	-
B	src/services/discord/tmux_watcher/utf8_chunk_decoder.rs::restore_stream_decoder	1	예	-
B	src/services/discord/tui_direct_abort_marker/sweep.rs::sweep_expired	1	예	-
B	src/services/discord/tui_direct_pending_start.rs::demote_stale_foreign_inflight_if_current	3	예	-
B	src/services/discord/tui_direct_pending_start.rs::submit_committed_foreign_inflight_complete	4	예	R32,R32(fn)
B	src/services/discord/tui_direct_pending_start.rs::submit_stale_foreign_inflight_cancel	3	예	-
B	src/services/discord/tui_direct_pending_start/state.rs::committed_foreign_complete_finalize_context	1	예	-
B	src/services/discord/tui_direct_pending_start/state.rs::record_claim_marker_if_watcher_owned	1	예	-
B	src/services/discord/tui_direct_pending_start/state.rs::stale_foreign_cancel_finalize_context	1	예	-
B	src/services/discord/tui_prompt_relay.rs::relay_observed_prompt	1	예	-
B	src/services/discord/tui_prompt_relay.rs::spawn_tui_prompt_relay	3	예	-
B	src/services/discord/tui_prompt_relay/bridge_completion.rs::tui_direct_bridge_uncommitted_delivery_error	1	예	-
B	src/services/discord/tui_prompt_relay/claude_idle_bridge.rs::stream_tui_idle_response_with_gateway	2	예	-
B	src/services/discord/tui_prompt_relay/claude_idle_runtime.rs::relay_idle_claude_bindings	1	예	M16(fn),M7
B	src/services/discord/tui_prompt_relay/claude_idle_runtime.rs::spawn_claude_idle_transcript_relay	1	예	-
B	src/services/discord/tui_prompt_relay/claude_idle_tail.rs::wait_for_claude_inflight_to_clear	1	예	-
B	src/services/discord/tui_prompt_relay/codex_idle_rollout.rs::finish_failed_codex_idle_reader	1	예	-
B	src/services/discord/tui_prompt_relay/codex_idle_rollout.rs::run_codex_idle_response_tail	2	예	-
B	src/services/discord/tui_prompt_relay/codex_idle_rollout.rs::spawn_codex_idle_rollout_relay	2	예	-
B	src/services/discord/tui_prompt_relay/session_rotation_settle.rs::rotation_settle_finalize_context	1	예	-
B	src/services/discord/tui_prompt_relay/session_rotation_settle.rs::settle_claude_session_rotations	1	예	-
B	src/services/discord/tui_prompt_relay/session_rotation_settle.rs::settle_one_claude_session_rotation	2	예	M17(fn)
B	src/services/discord/tui_prompt_relay/session_rotation_settle.rs::submit_rotation_settle	3	예	M17,M17(fn)
B	src/services/discord/tui_prompt_relay/synthetic_orphan_reclaim.rs::pending_start_reclaim_orphan_fn	1	예	-
B	src/services/discord/tui_prompt_relay/synthetic_orphan_reclaim.rs::reclaim_orphan_inflight_owner	2	예	-
B	src/services/discord/tui_prompt_relay/synthetic_start.rs::claim_tui_direct_synthetic_turn_prepared	3	예	-
B	src/services/discord/tui_prompt_relay/synthetic_start.rs::defer_synthetic_turn_start	1	예	-
B	src/services/discord/tui_prompt_relay/synthetic_start.rs::finish_tui_direct_synthetic_turn_if_current	2	예	-
B	src/services/discord/tui_prompt_relay/synthetic_start.rs::pending_start_abort_cleanup_fn	1	예	-
B	src/services/discord/tui_prompt_relay/synthetic_start.rs::pending_start_claim_fn	1	예	-
B	src/services/discord/tui_prompt_relay/synthetic_start.rs::restore_pending_starts	1	예	-
B	src/services/discord/tui_prompt_relay/synthetic_start.rs::synthetic_start_prior_turn_view	1	예	-
B	src/services/discord/tui_prompt_relay/synthetic_start.rs::tui_direct_synthetic_inflight_active_for_prompt	1	예	-
B	src/services/discord/tui_prompt_relay/synthetic_start.rs::wait_for_tui_direct_synthetic_non_bridge_claim	1	예	-
B	src/services/discord/tui_prompt_relay/synthetic_start/bridge_handoff.rs::capture	2	예	-
B	src/services/discord/tui_prompt_relay/synthetic_start/stale_reclaim.rs::release_reclaimable_stale_synthetic_mailbox_owner_if_current	1	예	-
B	src/services/discord/tui_prompt_relay/synthetic_start/stale_reclaim.rs::release_stale_ownerless_tui_direct_mailbox_if_current	1	예	-
B	src/services/discord/tui_prompt_relay/synthetic_start_wiring.rs::wire_tui_direct_synthetic_turn_start	2	예	-
B	src/services/discord/turn_bridge/bridge_entry_persist.rs::establish_bridge_entry_authority	2	예	-
B	src/services/discord/turn_bridge/bridge_entry_persist.rs::persist_bridge_entry_inflight_state	2	예	-
B	src/services/discord/turn_bridge/bridge_entry_persist.rs::spawn_turn_bridge	1	예	-
B	src/services/discord/turn_bridge/completion_postlude.rs::run_completion_postlude	5	예	R32,R32(fn)
B	src/services/discord/turn_bridge/current_message_anchor.rs::ensure_bridge_current_message_anchor	1	예	M6(fn)
B	src/services/discord/turn_bridge/guards.rs::drop	1	예	-
B	src/services/discord/turn_bridge/mod.rs::spawn_turn_bridge_with_pin	4	예	-
B	src/services/discord/turn_bridge/post_loop_finalize.rs::run_post_loop_finalize	4	예	-
B	src/services/discord/turn_bridge/retry_state.rs::persist_delivery_rewind	2	예	-
B	src/services/discord/turn_bridge/retry_state.rs::persist_reclaim_delivery_rewind	1	예	-
B	src/services/discord/turn_bridge/retry_state.rs::persist_terminal_error_delivery_rewind	1	예	-
B	src/services/discord/turn_bridge/retry_state.rs::refresh_delivery_rewind_state	1	예	-
B	src/services/discord/turn_bridge/retry_state.rs::reset_session_for_auto_retry	1	예	-
B	src/services/discord/turn_bridge/retry_state.rs::rewind_and_persist_delivery_on_reclaim	2	예	-
B	src/services/discord/turn_bridge/retry_state.rs::sync_terminal_error_delivery_state_for_bridge_owner	2	예	M4(fn)
B	src/services/discord/turn_bridge/runtime_handoff_loop.rs::handle_runtime_handoff_loop_message	10	예	-
B	src/services/discord/turn_bridge/runtime_handoff_loop/claude_e.rs::stamp_process_evidence	1	예	-
B	src/services/discord/turn_bridge/runtime_handoff_loop/guarded_save.rs::guarded_runtime_atomic_stamp	1	예	-
B	src/services/discord/turn_bridge/runtime_handoff_loop/guarded_save.rs::guarded_runtime_handoff_save	1	예	-
B	src/services/discord/turn_bridge/runtime_handoff_loop/watcher_handoff.rs::handle_watcher_runtime_handoff	4	예	-
B	src/services/discord/turn_bridge/single_message_footer.rs::complete_bridge_terminal_footer_or_status_panel_with_sniffer	1	예	-
B	src/services/discord/turn_bridge/single_message_footer.rs::maybe_create_bridge_separate_status_panel_response	1	예	M6(fn)
B	src/services/discord/turn_bridge/status_panel.rs::complete_status_panel_v2	1	예	-
B	src/services/discord/turn_bridge/status_panel.rs::complete_status_panel_v2_on_surface	1	예	-
B	src/services/discord/turn_bridge/status_panel.rs::complete_status_panel_v2_with_http	1	예	-
B	src/services/discord/turn_bridge/status_panel/fallback.rs::persist_status_panel_completion_fallback_message_id	1	예	-
B	src/services/discord/turn_bridge/stream_loop.rs::run_stream_loop	9	예	-
B	src/services/discord/turn_bridge/stream_loop/content_arms.rs::handle_stream_content_message	2	예	-
B	src/services/discord/turn_bridge/stream_loop/exit_reconcile.rs::settle_and_reconcile_exit_candidate	1	예	-
B	src/services/discord/turn_bridge/stream_loop/tool_arms.rs::handle_stream_tool_message	2	예	-
B	src/services/discord/turn_bridge/stream_loop/tool_arms/authority.rs::fence_restart_visible_mutation	1	예	-
B	src/services/discord/turn_bridge/stream_loop/tool_arms/authority.rs::fence_terminal_tool_result_transition	1	예	-
B	src/services/discord/turn_bridge/stream_loop/types.rs::<module>	1	예	-
B	src/services/discord/turn_bridge/stream_loop/types.rs::persist_pinned_terminal_anchor	1	예	-
B	src/services/discord/turn_bridge/stream_tick.rs::run_bridge_stream_tick	6	예	M2,M2(fn)
B	src/services/discord/turn_bridge/stream_tick/guarded_persist.rs::fence_stream_tick_visible_mutation_with_candidate_cleanup	1	예	-
B	src/services/discord/turn_bridge/stream_tick/guarded_persist.rs::persist_stream_tick_heartbeat	1	예	-
B	src/services/discord/turn_bridge/stream_tick/guarded_persist.rs::persist_stream_tick_state	1	예	-
B	src/services/discord/turn_bridge/stream_tick/guarded_persist.rs::persist_stream_tick_state_with_authority_mode	2	예	-
B	src/services/discord/turn_bridge/stream_tick/guarded_persist.rs::persist_stream_tick_state_with_candidate_cleanup	1	예	-
B	src/services/discord/turn_bridge/stream_tick/guarded_persist.rs::persist_stream_tick_state_with_candidate_cleanup_mode	2	예	-
B	src/services/discord/turn_bridge/stream_tick/guarded_persist.rs::persist_stream_tick_visible_mutation_fence	1	예	-
B	src/services/discord/turn_bridge/stream_tick/guarded_persist.rs::settle_pending_current_message_candidate_on_loop_exit	1	예	-
B	src/services/discord/turn_bridge/terminal_controller_cutover.rs::apply_bridge_short_replace_controller	1	예	-
B	src/services/discord/turn_bridge/terminal_outcome_delivery.rs::run_terminal_outcome_delivery	4	예	M5(fn)
B	src/services/discord/turn_bridge/terminal_outcome_delivery/busy_followup_retry.rs::handle_empty_response_and_busy_requeue	1	예	-
B	src/services/discord/turn_bridge/terminal_outcome_delivery/cancel_prompt_replace.rs::handle_cancel_prompt_replace	4	예	M5(fn)
B	src/services/discord/turn_bridge/terminal_outcome_delivery/delivery_epilogue.rs::handle_delivery_epilogue	1	예	M3(fn)
B	src/services/discord/turn_bridge/terminal_outcome_delivery/empty_response_recovery/handler.rs::handle_empty_response_recovery	3	예	-
B	src/services/discord/turn_bridge/terminal_outcome_delivery/recovery_retry.rs::handle_recovery_retry	1	예	M6(fn)
B	src/services/discord/turn_bridge/two_message_panel.rs::create_bridge_two_message_status_panel_below_answer	2	예	-
B	src/services/discord/turn_bridge/two_message_panel.rs::reanchor_bridge_two_message_status_panel_below_answer	1	예	-
B	src/services/discord/turn_end_wip_warning.rs::load_matching_inflight_state	1	불명	-
B	src/services/discord/turn_finalizer.rs::actor_loop	1	예	-
B	src/services/discord/turn_finalizer.rs::submit_terminal_with_claim_snapshot	1	예	-
B	src/services/discord/turn_finalizer/cleanup.rs::already_finalized_active_state	2	예	-
B	src/services/discord/turn_finalizer/cleanup.rs::enqueue_terminal_status_panel_reconcile	1	예	-
B	src/services/discord/turn_finalizer/cleanup.rs::ensure_synthetic_claim_marker_before_clear	1	예	-
B	src/services/discord/turn_finalizer/cleanup.rs::relay_owner_kind_for_finalize	1	예	-
B	src/services/discord/turn_finalizer/cleanup.rs::relay_ownership_only_for_finalize	1	예	-
B	src/services/discord/turn_finalizer/episode.rs::claim_normal_episode	2	예	-
B	src/services/discord/turn_finalizer/episode.rs::submit_terminal_evidence	2	예	-
B	src/services/discord/turn_finalizer/episode.rs::submit_terminal_with_episode_nonce	1	예	-
B	src/services/discord/turn_finalizer/finalize.rs::do_finalize	1	예	-
B	src/services/discord/turn_finalizer/finalize.rs::do_finalize_with_release	7	예	M18,M18(fn),R32,R32(fn)
B	src/services/discord/turn_finalizer/finalize_context.rs::gate_backstop	1	예	-
B	src/services/discord/turn_finalizer/finalize_context.rs::stale_busy_mailbox	1	예	-
B	src/services/discord/turn_finalizer/reconcile.rs::reconcile	2	예	-
B	src/services/discord/turn_finalizer/reconcile.rs::run_backstop_finalize	2	예	-
B	src/services/discord/turn_finalizer/terminal_handler.rs::handle_terminal	1	예	-
B	src/services/discord/turn_finalizer/watcher_backstop.rs::watcher_backstop_turn_is_terminal	1	예	-
B	src/services/discord/turn_lease.rs::claim	2	예	-
B	src/services/discord/turn_lease.rs::clear_late_projection	1	예	-
B	src/services/discord/watchers/codex_tui_restore.rs::rollout_fallback_for_session	1	예	-
B	src/services/discord/watchers/dispatched_origin_ghost.rs::consume_dispatched_origin_ghost_if_current	1	예	-
B	src/services/discord/zombie_foreground_release.rs::inflight_episode_lookup_for_tmux_name	1	불명	-
B	src/services/session_resume.rs::dispatch_resume_previous	1	불명	-
B	src/services/session_resume.rs::perform_resume_rebind	1	불명	-
B	src/services/turn_lifecycle.rs::clear_inflight_by_channel	1	예	-
B	src/services/turn_lifecycle.rs::clear_inflight_by_tmux_name	1	예	M18
B	src/services/turn_lifecycle.rs::force_kill_turn_with_cancel_event	1	예	-
B	src/services/turn_lifecycle.rs::stop_turn_preserving_queue_with_cancel_event	1	예	-
B	src/services/turn_lifecycle.rs::stop_turn_with_policy	3	예	R31(fn),R32,R32(fn)
C	src/server/mod.rs::policy_tick_loop	1	불명	-
C	src/server/routes/routines/handlers.rs::control_routine_session	1	불명	-
C	src/server/worker_registry/registry.rs::start_worker	1	불명	-
C	src/services/auto_queue/activate_command.rs::activate_with_deps_pg	1	불명	-
C	src/services/auto_queue/activate_route.rs::activate	1	불명	-
C	src/services/auto_queue/cancel_run.rs::cancel_and_release_runs_with_pg	1	불명	-
C	src/services/auto_queue/cancel_run.rs::cancel_selected_runs_with_pg	1	불명	-
C	src/services/auto_queue/cancel_run.rs::end_run_with_pg	1	불명	-
C	src/services/auto_queue/cancel_run.rs::terminalize_selected_runs_with_pg	1	불명	-
C	src/services/auto_queue/cleanup_tasks.rs::drain_run_cleanup_task_by_id_pg	1	불명	-
C	src/services/auto_queue/cleanup_tasks.rs::drain_run_cleanup_task_pg	1	불명	-
C	src/services/auto_queue/cleanup_tasks.rs::replay_pending_run_cleanup_tasks_pg	1	불명	-
C	src/services/auto_queue/command.rs::force_pause_with_pg	1	불명	-
C	src/services/auto_queue/fsm.rs::activate_with_bridge_pg	1	불명	-
C	src/services/auto_queue/runtime.rs::clear_slot_threads_for_slot_pg	1	불명	-
C	src/services/claude.rs::execute_command_streaming	5	예	-
C	src/services/claude.rs::execute_streaming_local_tmux	7	예	R11(fn)
C	src/services/claude.rs::execute_streaming_local_tui_tmux	2	예	R31,R31(fn)
C	src/services/claude.rs::run_claude_tui_fresh_turn_and_finalize	2	예	-
C	src/services/claude/process_session_launch.rs::execute_streaming_local_process	2	예	-
C	src/services/codex.rs::execute_command_streaming	3	불명	-
C	src/services/codex.rs::execute_streaming_local_tmux	7	불명	-
C	src/services/codex.rs::execute_streaming_local_tui_tmux	4	불명	-
C	src/services/codex/process_session_launch.rs::execute_streaming_local_process_codex	2	불명	-
C	src/services/discord/commands/control.rs::clear_channel_session_state	1	아니오	-
C	src/services/discord/commands/control.rs::clear_channel_session_state_with_session_key	1	아니오	-
C	src/services/discord/commands/control.rs::cmd_clear	1	아니오	-
C	src/services/discord/commands/control.rs::recreate_tmux_session	1	아니오	R31
C	src/services/discord/commands/control.rs::reset_channel_provider_state	2	아니오	-
C	src/services/discord/commands/control.rs::reset_managed_process_session	1	아니오	R31
C	src/services/discord/commands/control.rs::reset_provider_session_if_pending	1	아니오	-
C	src/services/discord/commands/restart.rs::cmd_restart	1	아니오	-
C	src/services/discord/commands/restart.rs::run_restart	1	아니오	-
C	src/services/discord/commands/text_commands.rs::handle_text_command	1	아니오	-
C	src/services/discord/commands/text_commands.rs::handle_text_command_with_uploads	1	아니오	-
C	src/services/discord/health/recovery.rs::clear_provider_channel_runtime	1	예	-
C	src/services/discord/idle_recap_interaction.rs::handle_idle_recap_clear_interaction	1	불명	-
C	src/services/discord/idle_recap_interaction.rs::handle_idle_recap_interaction	1	불명	-
C	src/services/discord/router/intake_gate.rs::handle_event	1	불명	-
C	src/services/discord/router/message_handler.rs::finish_admitted_local	1	불명	-
C	src/services/discord/router/message_handler/control.rs::handle_text_command	1	불명	-
C	src/services/discord/router/message_handler/goal_lifecycle.rs::consume_codex_goal_lifecycle_command	1	불명	-
C	src/services/discord/router/message_handler/headless_turn.rs::start_reserved_headless_turn_with_owner	4	불명	-
C	src/services/discord/router/message_handler/headless_turn/entrypoints.rs::start_reserved_headless_turn	1	불명	-
C	src/services/discord/router/message_handler/headless_turn/entrypoints.rs::start_voice_headless_turn	1	불명	-
C	src/services/discord/router/message_handler/intake_turn.rs::handle_text_message	4	불명	-
C	src/services/discord/router/message_handler/intake_turn/worker_entry.rs::execute_intake_turn_core	1	불명	-
C	src/services/discord/router/message_handler/pre_admission_control.rs::resolve	1	불명	-
C	src/services/discord/router/message_handler/provider_isolation.rs::reconcile_managed_tmux_runtime_kind_for_config	1	불명	R31
C	src/services/discord/runtime_bootstrap/framework_setup.rs::run_bot_framework_setup	2	예	-
C	src/services/discord/runtime_bootstrap/recovery_flush.rs::run_bot_spawn_recovery_and_flush_restart_reports	2	예	-
C	src/services/discord/runtime_bootstrap/spawns.rs::run_bot_spawn_dead_tmux_reaper	1	예	-
C	src/services/discord/tmux_reaper.rs::cleanup_orphan_tmux_sessions	1	예	R31
C	src/services/discord/tmux_reaper.rs::reap_dead_tmux_sessions	1	예	-
C	src/services/discord/tmux_reaper.rs::reap_fresh_routine_orphan	1	예	R31
C	src/services/discord/tmux_session_files.rs::preserve_mtime_after_write	1	예	-
C	src/services/discord/tmux_session_files.rs::preserve_session_generation_mtime_after_write	1	예	-
C	src/services/discord/tmux_session_files.rs::stamp_session_generation_marker	1	예	-
C	src/services/discord/tmux_session_files.rs::stamp_session_generation_marker_under_source_authority	2	예	R31(fn)
C	src/services/discord/tmux_session_files.rs::stamp_spawn_markers	1	예	-
C	src/services/discord/tmux_session_files.rs::sweep_orphan_session_files	1	예	R31
C	src/services/discord/tmux_session_files.rs::write_spawn_nonce	3	예	R31,R31(fn)
C	src/services/discord/tmux_watcher/jsonl_rotation.rs::rotate_owned_jsonl	1	예	-
C	src/services/discord/tmux_watcher/jsonl_rotation.rs::rotate_watcher_jsonl_if_due	1	예	-
C	src/services/qwen.rs::execute_command_streaming	2	불명	-
C	src/services/qwen/session_lifecycle.rs::execute_streaming_local_process	2	불명	-
C	src/services/qwen/session_lifecycle.rs::execute_streaming_local_tmux	7	불명	-
C	src/services/qwen_tmux_wrapper.rs::rewind_output_to_checkpoint	1	불명	-
C	src/services/qwen_tmux_wrapper.rs::run_turn	1	불명	-
C	src/services/routines/session_control.rs::control_persistent_session	1	불명	-
C	src/services/tmux_common.rs::cleanup_session_temp_files	1	예	R11
C	src/services/tmux_common.rs::cleanup_session_temp_files_under_source_authority	4	예	R11
C	src/services/tmux_common.rs::truncate_jsonl_head_safe	2	예	R31(fn)
C	src/services/turn_lifecycle.rs::force_kill_turn_with_cancel_event	1	예	-
C	src/services/turn_lifecycle.rs::stop_turn_preserving_queue_with_cancel_event	1	예	-
C	src/services/turn_lifecycle.rs::stop_turn_with_policy	1	예	R31,R32(fn)
D	src/db/postgres.rs::acquire_startup_advisory_lock	1	불명	-
D	src/server/mod.rs::try_acquire_pg_singleton_lock	1	불명	-
D	src/services/agent_recovery/admission.rs::allows	1	불명	-
D	src/services/agent_recovery/checkpoint.rs::commit_recovery_transition	1	불명	-
D	src/services/agent_recovery/durable.rs::lease_for_provider	1	불명	-
D	src/services/agent_recovery/durable/operations.rs::pending_operation	1	불명	-
D	src/services/agent_recovery/durable/provider_errors.rs::apply_provider_error	1	불명	-
D	src/services/auto_queue.rs::assemble_status_response	1	불명	-
D	src/services/auto_queue.rs::build_entry_view_pg	1	불명	-
D	src/services/auto_queue.rs::from	1	불명	-
D	src/services/auto_queue.rs::run_view_with_pg	1	불명	-
D	src/services/auto_queue/activate_route.rs::activate	1	불명	-
D	src/services/auto_queue/view_admin_routes.rs::restore_run_with_pg	1	불명	-
D	src/services/claude.rs::classify_followup_result	1	예	-
D	src/services/claude.rs::emit_claude_tui_watcher_handoff	2	예	R11(fn)
D	src/services/claude.rs::emit_fresh_session_watcher_handoff	1	예	-
D	src/services/claude.rs::execute_command_streaming	5	예	-
D	src/services/claude.rs::execute_streaming_local_tmux	2	예	R11(fn)
D	src/services/claude.rs::run_claude_tui_fresh_turn_and_finalize	1	예	-
D	src/services/claude.rs::send_followup_to_process	2	예	-
D	src/services/claude.rs::send_followup_to_tmux	2	예	-
D	src/services/claude/process_session_launch.rs::execute_streaming_local_process	2	예	-
D	src/services/claude_e/process.rs::execute_streaming	1	예	-
D	src/services/claude_tui/hook_server.rs::receive_hook	1	예	-
D	src/services/claude_tui/hosting/warm_followup.rs::run_claude_tui_warm_followup_submit_and_stream	2	예	-
D	src/services/cluster/node_registry.rs::bootstrap	1	불명	-
D	src/services/cluster/node_registry.rs::spawn_heartbeat_loop	1	불명	-
D	src/services/cluster/stream_relay.rs::push_drop_oldest	1	불명	-
D	src/services/cluster/stream_relay.rs::try_send_frame_with_sequence	1	불명	-
D	src/services/cluster/stream_relay.rs::try_send_request	1	불명	-
D	src/services/cluster/stream_relay/frame_admission.rs::try_send_frame_inner	2	불명	-
D	src/services/cluster/stream_relay/identity.rs::from_frame	1	불명	-
D	src/services/codex.rs::codex_tui_idle_relay_binding	1	불명	-
D	src/services/codex.rs::emit_codex_tui_post_tail_handoff	1	불명	-
D	src/services/codex.rs::execute_command_streaming	2	불명	-
D	src/services/codex.rs::execute_streaming_local_tmux	2	불명	-
D	src/services/codex.rs::execute_streaming_local_tui_tmux	2	불명	-
D	src/services/codex.rs::register_codex_tui_idle_relay_binding	1	불명	-
D	src/services/codex/followup_reader.rs::send_followup_to_tmux	3	불명	-
D	src/services/codex/process_session_launch.rs::execute_streaming_local_process_codex	2	불명	-
D	src/services/codex_tui/rollout_tail.rs::tail_idle_rollout_for_tmux	1	불명	-
D	src/services/codex_tui/rollout_tail.rs::tail_latest_rollout_for_cwd_with_handoff_options	1	불명	-
D	src/services/codex_tui/rollout_tail.rs::tail_resumed_rollout_for_session_with_handoff_options	1	불명	-
D	src/services/codex_tui/rollout_tail.rs::tail_rollout_file_from_offset_with_pane_busy_probe	1	불명	-
D	src/services/codex_tui/rollout_tail.rs::tail_rollout_file_until_assistant_response	1	불명	-
D	src/services/codex_tui/rollout_tail.rs::tail_rollout_file_until_assistant_response_with_pane_busy_probe	1	불명	-
D	src/services/codex_tui/rollout_tail.rs::tail_warm_followup_rollout_for_tmux	1	불명	-
D	src/services/codex_tui/session.rs::advance_codex_tui_runtime_binding_and_marker_offset	1	불명	-
D	src/services/codex_tui/warm_followup.rs::try_codex_tui_warm_followup	1	불명	-
D	src/services/discord/compact_turn_authority.rs::capture	1	불명	-
D	src/services/discord/delivery_lease_cell.rs::spawn	1	예	-
D	src/services/discord/delivery_lease_key.rs::new_for_site	1	불명	-
D	src/services/discord/delivery_lease_key.rs::new_for_site_with_fallback_offset	4	불명	-
D	src/services/discord/destructive_cancel_gate.rs::from_pinned_state	3	불명	-
D	src/services/discord/destructive_cancel_gate.rs::from_state	2	불명	-
D	src/services/discord/health/recovery.rs::capture_idle_tmux_stale_turn_inflight_pin	1	예	-
D	src/services/discord/health/recovery.rs::revalidate_and_clear_explicit_background_inflight	1	예	-
D	src/services/discord/health/recovery.rs::run_stall_watchdog_pass	2	예	-
D	src/services/discord/health/relay_auto_heal.rs::commit_redrive_success	2	예	-
D	src/services/discord/health/relay_auto_heal.rs::nudge_existing_watcher_for_backlog	2	예	-
D	src/services/discord/health/relay_auto_heal.rs::nudge_watcher_handle_for_backlog	1	예	M9
D	src/services/discord/health/relay_auto_heal.rs::redrive_attempt_decision	1	예	-
D	src/services/discord/health/relay_auto_heal.rs::redrive_episode	1	예	-
D	src/services/discord/health/relay_auto_heal.rs::redrive_placeholder_shield_context	1	예	-
D	src/services/discord/health/relay_auto_heal.rs::redrive_undelivered_backlog_at	6	예	-
D	src/services/discord/health/relay_auto_heal.rs::self_reattach_identity	1	예	-
D	src/services/discord/health/relay_auto_heal.rs::trace_redrive_cap_if_needed	1	예	-
D	src/services/discord/health/session_enrichment.rs::load	1	예	-
D	src/services/discord/health/snapshot.rs::build_health_snapshot	1	예	-
D	src/services/discord/health/snapshot.rs::build_health_snapshot_with_options	2	예	-
D	src/services/discord/health/snapshot.rs::build_public_health_snapshot	1	예	-
D	src/services/discord/health/snapshot.rs::snapshot_watcher_state_filtered	1	예	-
D	src/services/discord/health/snapshot.rs::snapshot_watcher_state_for_provider	1	예	-
D	src/services/discord/health/snapshot.rs::snapshot_watcher_state_for_shared	1	예	-
D	src/services/discord/health/snapshot.rs::watcher_state_snapshot_for_shared	4	예	-
D	src/services/discord/health/stall_liveness.rs::log_stall_watchdog_liveness_deferred	1	예	-
D	src/services/discord/health/stall_liveness.rs::log_stall_watchdog_page_judgment	1	예	-
D	src/services/discord/health/stall_liveness/redrive_grace.rs::load_canonical_episode	1	예	-
D	src/services/discord/health/unpaired_active_token.rs::build_relay_health_snapshot	1	예	-
D	src/services/discord/health/watcher_respawn.rs::retry_pending_watcher_respawn	1	예	-
D	src/services/discord/inflight/clear_store/mod.rs::clear_inflight_state_for_snapshot	2	예	-
D	src/services/discord/inflight/clear_store/mod.rs::clear_inflight_state_if_matches_identity_after_delivery	1	예	-
D	src/services/discord/inflight/clear_store/mod.rs::refresh_inflight_last_offset_if_matches_identity	1	예	-
D	src/services/discord/inflight/clear_store/mod.rs::refresh_inflight_last_offset_if_matches_identity_in_root	1	예	-
D	src/services/discord/inflight/clear_store/reconcile_gate.rs::clear_inflight_state_for_reconcile_in_root	1	예	-
D	src/services/discord/inflight/clear_store/reconcile_gate.rs::clear_rebind_origin_for_reconcile_in_root	1	예	-
D	src/services/discord/inflight/episode_guard.rs::adopt_and_lock_inflight_episode	1	예	-
D	src/services/discord/inflight/episode_guard.rs::from_state	1	예	-
D	src/services/discord/inflight/episode_guard.rs::matches_state	1	예	-
D	src/services/discord/inflight/model.rs::new	4	예	-
D	src/services/discord/inflight/model.rs::set_watcher_owner_channel_id	1	예	-
D	src/services/discord/inflight/model/identity.rs::from_state	1	예	-
D	src/services/discord/inflight/orphan_relay_reclaim.rs::reclaim_watcherless_session_bound_relay_owner	1	예	-
D	src/services/discord/inflight/removal/boot_reaper.rs::same_snapshot	2	예	-
D	src/services/discord/inflight/save_store/delivery_rewind.rs::save_inflight_delivery_rewind_if_matches_identity	1	예	-
D	src/services/discord/inflight/save_store/delivery_rewind.rs::save_inflight_delivery_rewind_if_matches_identity_in_root	3	예	-
D	src/services/discord/inflight/save_store/identity_gate.rs::bind_recovery_anchor_for_snapshot	1	예	-
D	src/services/discord/inflight/save_store/identity_gate.rs::bind_recovery_anchor_if_matches_snapshot	2	예	-
D	src/services/discord/inflight/save_store/identity_gate.rs::lock_and_save_existing_inflight_rebind_adoption_impl_in_root	3	예	-
D	src/services/discord/inflight/save_store/identity_gate.rs::mark_readopted_from_inflight_if_identity_unchanged_in_root	1	예	-
D	src/services/discord/inflight/save_store/identity_gate.rs::patch_restart_full_response_if_identity_unchanged	1	예	-
D	src/services/discord/inflight/save_store/identity_gate.rs::patch_restart_full_response_if_identity_unchanged_in_root	4	예	-
D	src/services/discord/inflight/save_store/identity_gate.rs::persist_leak_recovery_response_offset_if_matches_identity_locked	1	예	-
D	src/services/discord/inflight/save_store/identity_gate.rs::persist_leak_recovery_response_offset_if_matches_identity_locked_in_root	2	예	-
D	src/services/discord/inflight/save_store/identity_gate.rs::recovery_anchor_message_if_matches_identity	1	예	-
D	src/services/discord/inflight/save_store/identity_gate.rs::save_existing_inflight_rebind_adoption_impl_in_root	1	예	-
D	src/services/discord/inflight/save_store/identity_gate.rs::save_inflight_state_identity_gated_in_root	1	예	-
D	src/services/discord/inflight/save_store/identity_gate.rs::save_inflight_state_if_identity_unchanged_in_root	1	예	-
D	src/services/discord/inflight/save_store/identity_gate/bridge_entry.rs::patch_bridge_entry_state_if_identity_unchanged_in_root	1	예	-
D	src/services/discord/inflight/save_store/identity_gate/bridge_entry.rs::patch_bridge_entry_state_if_identity_unchanged_in_root_impl	2	예	-
D	src/services/discord/inflight/save_store/identity_gate/bridge_entry.rs::patch_bridge_entry_state_tracking_placeholder_clear	1	예	-
D	src/services/discord/inflight/save_store/identity_gate/claude_e_stamp.rs::stamp_claude_e_process_if_matches_identity	1	예	-
D	src/services/discord/inflight/save_store/identity_gate/claude_e_stamp.rs::stamp_claude_e_process_if_matches_identity_in_root	3	예	-
D	src/services/discord/inflight/save_store/identity_gate/completion_preserve.rs::save_inflight_state_if_matches_identity	1	예	-
D	src/services/discord/inflight/save_store/identity_gate/completion_preserve.rs::save_inflight_state_if_matches_identity_in_root	3	예	-
D	src/services/discord/inflight/save_store/identity_gate/heartbeat.rs::touch_inflight_state_if_matches_identity_in_root	1	예	-
D	src/services/discord/inflight/save_store/identity_gate/runtime_stamp.rs::admit_codex_terminal_range_in_root	3	예	-
D	src/services/discord/inflight/save_store/identity_gate/runtime_stamp.rs::admit_tui_terminal_frame	3	예	-
D	src/services/discord/inflight/save_store/identity_gate/runtime_stamp.rs::from_retained_tui_terminal	1	예	-
D	src/services/discord/inflight/save_store/identity_gate/runtime_stamp.rs::persist_terminal_range	3	예	-
D	src/services/discord/inflight/save_store/identity_gate/runtime_stamp.rs::stamp_runtime_handoff_if_matches_identity_in_root	2	예	-
D	src/services/discord/inflight/save_store/identity_gate/runtime_stamp.rs::with_revalidated_row	2	예	-
D	src/services/discord/inflight/save_store/identity_gate/stamp_merge.rs::merge_runtime_stamp_progress	2	예	-
D	src/services/discord/inflight/save_store/identity_gate/stream_loop_patch.rs::clear_long_running_placeholder_if_matches_identity_in_root	1	예	-
D	src/services/discord/inflight/save_store/identity_gate/stream_loop_patch.rs::patch_restart_mode_if_matches_identity_in_root	1	예	-
D	src/services/discord/inflight/save_store/identity_gate/stream_loop_patch.rs::save_stream_tick_state_if_bridge_authority	1	예	-
D	src/services/discord/inflight/save_store/identity_gate/stream_loop_patch.rs::save_stream_tick_state_if_bridge_authority_in_root	1	예	-
D	src/services/discord/inflight/save_store/identity_gate/stream_loop_patch.rs::save_stream_tick_state_preserving_current_message_races	1	예	-
D	src/services/discord/inflight/save_store/identity_gate/stream_loop_patch.rs::save_stream_tick_state_preserving_current_message_races_in_root	1	예	-
D	src/services/discord/inflight/save_store/identity_gate/stream_loop_patch.rs::save_stream_tick_state_preserving_current_message_races_in_root_with_mode	6	예	-
D	src/services/discord/inflight/terminal_delivery_evidence_loss.rs::warn_for_bridge_terminal_mirror_outcome	1	예	-
D	src/services/discord/inflight/terminal_delivery_evidence_loss.rs::warn_for_watcher_terminal_commit_outcome	1	예	-
D	src/services/discord/inflight/watcher_state.rs::persist_watcher_relay_watermark_locked	1	예	-
D	src/services/discord/inflight/watcher_state.rs::persist_watcher_relay_watermark_locked_in_root	1	예	-
D	src/services/discord/meeting_orchestrator/lifecycle.rs::start_meeting_with_reviewer	1	아니오	-
D	src/services/discord/mod.rs::reclaim_expired_delivery_leases	2	예	-
D	src/services/discord/outbound/delivery.rs::deliver_single	2	불명	-
D	src/services/discord/outbound/delivery.rs::deliver_split	1	불명	-
D	src/services/discord/outbound/delivery.rs::retry_minimal_fallback	1	불명	-
D	src/services/discord/outbound/delivery_record.rs::append_completed_turn_if_nonzero	1	불명	-
D	src/services/discord/outbound/delivery_record.rs::persist_confirmed_frontier_and_receipt	1	불명	-
D	src/services/discord/outbound/delivery_record.rs::record_delivered_frontier_with_body	1	불명	-
D	src/services/discord/outbound/delivery_record.rs::record_long_chunk_terminal_delivery	1	불명	-
D	src/services/discord/outbound/delivery_record.rs::record_pinned_delivery_metadata	1	불명	-
D	src/services/discord/outbound/delivery_record.rs::record_recovery_terminal_delivery	1	불명	-
D	src/services/discord/outbound/delivery_record.rs::record_watcher_terminal_delivery	1	불명	-
D	src/services/discord/outbound/delivery_record.rs::shadow_mirror_delivered_frontier	1	불명	-
D	src/services/discord/outbound/delivery_record.rs::shadow_mirror_delivered_frontier_inner	2	불명	-
D	src/services/discord/outbound/delivery_record.rs::write_confirmed_delivery_at_with_lock_authority	1	불명	-
D	src/services/discord/outbound/delivery_record.rs::write_confirmed_frontier_guarded_at_with_before_lock	1	불명	-
D	src/services/discord/outbound/delivery_record.rs::write_confirmed_frontier_guarded_at_with_lock_authority	3	불명	-
D	src/services/discord/outbound/receipt_index.rs::from_record	1	불명	-
D	src/services/discord/outbound/receipt_index.rs::read_receipt_index_at	1	불명	-
D	src/services/discord/outbound/turn_output_controller.rs::commit_and_finalize	2	불명	-
D	src/services/discord/outbound/turn_output_controller.rs::commit_not_delivered_and_release	2	불명	-
D	src/services/discord/outbound/turn_output_controller.rs::deliver_turn_output	1	불명	-
D	src/services/discord/outbound/turn_output_controller.rs::deliver_turn_output_with_fallback_revalidation	9	불명	-
D	src/services/discord/outbound/turn_output_controller.rs::drop	1	불명	-
D	src/services/discord/outbound/turn_output_controller.rs::reclaim_if_expired	1	불명	-
D	src/services/discord/outbound/turn_output_controller.rs::release_and_disarm	1	불명	-
D	src/services/discord/outbound/turn_output_controller.rs::try_acquire	1	불명	-
D	src/services/discord/outbound/turn_output_controller/fresh_send.rs::deliver	10	불명	-
D	src/services/discord/outbound/turn_output_controller/fresh_send.rs::record_success	2	불명	-
D	src/services/discord/placeholder_sweeper/abandon_guard.rs::delete_state_if_allowed	1	예	M12
D	src/services/discord/readopted_mailbox_ledger.rs::from_state	1	불명	-
D	src/services/discord/readopted_mailbox_ledger.rs::mark_readopted_mailbox_owner_finished_for_episode	1	불명	-
D	src/services/discord/readopted_mailbox_ledger.rs::record_readopted_mailbox_owner_for_episode	1	불명	-
D	src/services/discord/recovery_engine.rs::runtime_handoff_for_recovery	5	예	-
D	src/services/discord/recovery_engine/completion_delivery.rs::commit	1	예	-
D	src/services/discord/recovery_engine/completion_delivery.rs::relay_recovered_terminal_text_to_placeholder	1	예	-
D	src/services/discord/recovery_engine/completion_delivery.rs::relay_recovery_terminal_notice_with_capture	1	예	-
D	src/services/discord/recovery_engine/crash_resume_guard.rs::guard_readopt_relay_resume_or_dead_letter	1	예	-
D	src/services/discord/recovery_engine/crash_resume_guard.rs::record_readopt_relay_black_hole_dead_letter	1	예	-
D	src/services/discord/recovery_engine/idle_captured_response.rs::recover_idle_partial_response	1	예	M7(fn)
D	src/services/discord/recovery_engine/idle_captured_response.rs::recover_idle_partial_response_from_ready_source	3	예	-
D	src/services/discord/recovery_engine/idle_captured_response.rs::settle_captured_ready_delivery	1	예	-
D	src/services/discord/recovery_engine/idle_captured_response.rs::settle_ready_without_output_for_actor	2	예	-
D	src/services/discord/recovery_engine/manual_rebind/adoption.rs::claude_transcript_committed_offset	2	예	-
D	src/services/discord/recovery_engine/manual_rebind/coordinate_adoption.rs::adopt_coordinates	5	예	-
D	src/services/discord/recovery_engine/manual_rebind/episode_handoff.rs::commit_episode_side_effects	1	예	-
D	src/services/discord/recovery_engine/manual_rebind/mod.rs::rebind_inflight_for_channel	1	예	-
D	src/services/discord/recovery_engine/rebind_runtime.rs::spawn_codex_tui_rebind_relay_output	1	예	-
D	src/services/discord/recovery_engine/restore_persist_outcome.rs::restore_codex_rollout_output_path	1	예	-
D	src/services/discord/recovery_engine/runtime.rs::mark_readopted_from_inflight	1	예	-
D	src/services/discord/recovery_engine/runtime.rs::reregister_active_turn_from_inflight_inner	1	예	-
D	src/services/discord/recovery_engine/terminal_text_idempotency.rs::bind_after_actor_check	1	예	-
D	src/services/discord/recovery_engine/terminal_text_idempotency.rs::captured_terminal_receipt_exists	1	예	-
D	src/services/discord/recovery_engine/terminal_text_idempotency.rs::commit	1	예	-
D	src/services/discord/recovery_engine/terminal_text_idempotency.rs::from_state_for_channel	1	예	-
D	src/services/discord/recovery_engine/terminal_text_idempotency.rs::record_durable_frontier	1	예	-
D	src/services/discord/recovery_engine/terminal_text_idempotency.rs::record_successful_fresh_send_with_snapshot	1	예	-
D	src/services/discord/recovery_engine/terminal_text_idempotency.rs::release	1	예	-
D	src/services/discord/recovery_engine/terminal_text_idempotency.rs::try_acquire_fresh_send_lease	4	예	-
D	src/services/discord/recovery_engine/two_message_panel.rs::recover_two_message_panel_with_gateway	2	예	-
D	src/services/discord/recovery_paths/restart.rs::apply_undeliverable_relay_disposition	2	예	M18(fn),R32(fn)
D	src/services/discord/recovery_paths/restart.rs::matching_recovery_anchors	2	예	-
D	src/services/discord/recovery_paths/restart.rs::try_recover_anchor_repost	2	예	-
D	src/services/discord/relay_health.rs::observe	4	불명	-
D	src/services/discord/relay_health/frontier.rs::frontier_token	1	불명	-
D	src/services/discord/relay_health/frontier.rs::relay_frontier_token	1	불명	-
D	src/services/discord/relay_health/frontier.rs::reset_confirmed_frontier	1	불명	-
D	src/services/discord/relay_recovery/apply.rs::apply_relay_recovery_decision	1	예	-
D	src/services/discord/relay_recovery/decision.rs::evidence_from_snapshot	1	예	-
D	src/services/discord/relay_recovery/decision.rs::plan_relay_recovery	1	예	-
D	src/services/discord/relay_recovery/idle_tmux.rs::capture_idle_tmux_reattach_inflight_clear_pin	1	예	-
D	src/services/discord/relay_recovery/idle_tmux.rs::relay_recovery_probe_snapshot_for_owner	1	예	-
D	src/services/discord/relay_recovery_auto_heal_apply.rs::apply_relay_recovery_plan_with_seams	1	예	-
D	src/services/discord/relay_recovery_circuit_breaker.rs::from_state	1	예	-
D	src/services/discord/relay_recovery_circuit_breaker.rs::open_alert_cas_in_root	1	예	-
D	src/services/discord/relay_recovery_circuit_breaker.rs::queue_or_resume_open_alert_with_enqueue	1	예	-
D	src/services/discord/relay_recovery_circuit_breaker.rs::reserve_current_episode	1	예	-
D	src/services/discord/relay_recovery_circuit_breaker.rs::reserve_in_root	3	예	-
D	src/services/discord/relay_recovery_leaked_row_sweep.rs::recover_candidate	1	예	-
D	src/services/discord/router/message_handler.rs::finish_admitted_local	1	불명	-
D	src/services/discord/router/message_handler/headless_turn.rs::start_reserved_headless_turn_with_owner	3	불명	-
D	src/services/discord/router/message_handler/headless_turn/entrypoints.rs::start_reserved_headless_turn	1	불명	-
D	src/services/discord/router/message_handler/headless_turn/entrypoints.rs::start_voice_headless_turn	1	불명	-
D	src/services/discord/router/message_handler/intake_turn.rs::handle_text_message	3	불명	-
D	src/services/discord/router/message_handler/intake_turn/worker_entry.rs::execute_intake_turn_core	1	불명	-
D	src/services/discord/router/message_handler/provider_dispatch.rs::execute	1	불명	-
D	src/services/discord/router/message_handler/watchdog.rs::attach_paused_turn_watcher	1	불명	-
D	src/services/discord/router/message_handler/watchdog.rs::attach_paused_turn_watcher_for_inflight	1	불명	-
D	src/services/discord/router/message_handler/watchdog.rs::attach_paused_turn_watcher_inner	1	불명	-
D	src/services/discord/router/message_handler/watchdog.rs::schedule_pending_paused_turn_watcher_attach	1	불명	-
D	src/services/discord/runtime_bootstrap/recovery_flush.rs::run_bot_spawn_recovery_and_flush_restart_reports	1	예	-
D	src/services/discord/runtime_bootstrap/relay_dlq_redelivery.rs::build_plan	1	예	-
D	src/services/discord/session_relay_sink.rs::acquire	4	예	-
D	src/services/discord/session_relay_sink.rs::advance_idle_range_after_confirmed_post	3	예	-
D	src/services/discord/session_relay_sink.rs::commit	1	예	-
D	src/services/discord/session_relay_sink.rs::delivery_lease_key_for_frame	1	예	-
D	src/services/discord/session_relay_sink.rs::drop	1	예	-
D	src/services/discord/session_relay_sink/delivery_commit.rs::advance_offset_for_confirmed_delegated_terminal	2	예	-
D	src/services/discord/session_relay_sink/delivery_frontier.rs::finish_sink_delivery	3	예	-
D	src/services/discord/session_relay_sink/delivery_frontier.rs::persist_cancelled_episode	2	예	-
D	src/services/discord/session_relay_sink/delivery_frontier.rs::persist_sink_delivery	2	예	-
D	src/services/discord/session_relay_sink/idle_jsonl.rs::idle_jsonl_prepare_dedup_shared	2	예	-
D	src/services/discord/session_relay_sink/journal.rs::capture	1	예	-
D	src/services/discord/session_relay_sink/journal.rs::exact_delivery_predicate	1	예	-
D	src/services/discord/session_relay_sink/journal.rs::judge_loaded_obligation_window	1	예	-
D	src/services/discord/session_relay_sink/journal/watcher.rs::begin_watcher_terminal	1	예	-
D	src/services/discord/session_relay_sink/orphan_reclaim.rs::reclaim_orphaned_session_bound_relay_if_dead	1	예	-
D	src/services/discord/session_relay_sink/short_controller.rs::deliver_short_replace_via_controller	4	예	-
D	src/services/discord/session_relay_sink/task_notification_context.rs::deliver_new_message_with_task_authority	3	예	-
D	src/services/discord/session_relay_sink/terminal_handoff.rs::deliver	1	예	-
D	src/services/discord/standby_relay.rs::from_state	2	예	-
D	src/services/discord/task_notification_delivery/store/response_fence.rs::claim_existing_response_delivery	2	예	-
D	src/services/discord/task_notification_delivery/store/response_fence.rs::claim_existing_response_delivery_memory	1	예	-
D	src/services/discord/task_notification_delivery/store/response_fence.rs::claim_existing_response_delivery_pg	2	예	-
D	src/services/discord/task_notification_delivery/store/response_fence.rs::claim_response_delivery	2	예	-
D	src/services/discord/task_notification_delivery/store/response_fence.rs::claim_response_delivery_pg	2	예	-
D	src/services/discord/task_notification_delivery/store/response_identity.rs::try_new	2	예	-
D	src/services/discord/terminal_coordinate.rs::external	1	불명	-
D	src/services/discord/terminal_coordinate.rs::message	1	불명	-
D	src/services/discord/terminal_ui_obligation.rs::reconcile_terminal_ui_obligation	1	불명	-
D	src/services/discord/terminal_ui_obligation.rs::resolve_terminal_ui_session	2	불명	-
D	src/services/discord/terminal_ui_obligation.rs::terminal_ui_snapshot_from_inflight	1	불명	-
D	src/services/discord/tmux.rs::drain_missing_inflight_dead_tmux_tail_to_eof	2	예	M15
D	src/services/discord/tmux.rs::drain_watcher_output_tail_to_eof	1	예	-
D	src/services/discord/tmux.rs::persist_watcher_stream_progress	1	예	-
D	src/services/discord/tmux.rs::reconcile_orphan_suppressed_placeholder_for_restored_watcher	1	예	-
D	src/services/discord/tmux.rs::watcher_stop_decision_after_terminal_finalize	1	예	-
D	src/services/discord/tmux.rs::watcher_stream_seed	2	예	-
D	src/services/discord/tmux/monitor_auto_turn_inflight.rs::ensure_monitor_auto_turn_inflight	3	예	-
D	src/services/discord/tmux_output_stream.rs::pre_turn_line_skip	1	예	-
D	src/services/discord/tmux_output_stream.rs::process_watcher_lines	1	예	-
D	src/services/discord/tmux_output_stream.rs::process_watcher_lines_for_turn	2	예	-
D	src/services/discord/tmux_placeholder_suppression/ops.rs::delete_placeholder_unless_delivered	3	불명	-
D	src/services/discord/tmux_placeholder_suppression/ops.rs::delete_terminal_placeholder_unless_delivered	1	불명	-
D	src/services/discord/tmux_session_files.rs::reset_relay_watermark_on_generation_change	1	예	-
D	src/services/discord/tmux_session_files.rs::reset_stale_local_relay_offset_if_output_regressed	1	예	-
D	src/services/discord/tmux_session_files.rs::reset_stale_relay_watermark_if_output_regressed	1	예	-
D	src/services/discord/tmux_watcher/cancel_handoff/completion.rs::finish_after_receipt	1	예	-
D	src/services/discord/tmux_watcher/commit_decisions.rs::mark_watcher_terminal_delivery_committed	4	예	-
D	src/services/discord/tmux_watcher/committed_placeholder_cleanup.rs::reconcile_confirmed_preview	1	예	-
D	src/services/discord/tmux_watcher/entry.rs::restore_delivery_position	2	예	-
D	src/services/discord/tmux_watcher/entry.rs::tmux_output_watcher	1	예	-
D	src/services/discord/tmux_watcher/jsonl_rotation.rs::rotate_owned_jsonl	1	예	-
D	src/services/discord/tmux_watcher/jsonl_rotation.rs::rotate_watcher_jsonl_if_due	3	예	-
D	src/services/discord/tmux_watcher/jsonl_rotation/backstop.rs::realign_frontier_after_rotation	2	예	-
D	src/services/discord/tmux_watcher/jsonl_rotation/backstop.rs::retry_sticky_frontier_realign	1	예	-
D	src/services/discord/tmux_watcher/jsonl_rotation/idle_gate.rs::collect_rotation_idle_evidence	1	예	-
D	src/services/discord/tmux_watcher/loop_poll_prologue/watcher_resume.rs::watcher_resume_outcome	1	예	-
D	src/services/discord/tmux_watcher/no_result_exits.rs::handle_no_result_exits	8	예	-
D	src/services/discord/tmux_watcher/orphan_terminal_frame.rs::observe_orphan_terminal_frame	1	예	-
D	src/services/discord/tmux_watcher/orphan_terminal_frame.rs::reason	2	예	-
D	src/services/discord/tmux_watcher/panel_decisions.rs::watcher_external_input_turn_abandoned	1	예	-
D	src/services/discord/tmux_watcher/placeholder_reclaim.rs::reclaim_orphan_external_input_placeholder	3	예	-
D	src/services/discord/tmux_watcher/pre_emit_guard.rs::run_pre_emit_guard	3	예	-
D	src/services/discord/tmux_watcher/pre_emit_guard.rs::session_bound_terminal_ack_can_reconcile	1	예	-
D	src/services/discord/tmux_watcher/stall_exit.rs::finalize_pinned_watcher_exit	2	예	-
D	src/services/discord/tmux_watcher/supervisor_relay.rs::forward_chunk_to_supervisor_relay	1	예	-
D	src/services/discord/tmux_watcher/supervisor_relay.rs::forward_chunk_to_supervisor_relay_for_turn	2	예	-
D	src/services/discord/tmux_watcher/supervisor_relay.rs::forward_chunk_to_supervisor_relay_inner	1	예	-
D	src/services/discord/tmux_watcher/supervisor_relay.rs::forward_terminal_chunk_to_supervisor_relay	1	예	-
D	src/services/discord/tmux_watcher/supervisor_relay.rs::relay_turn_identity_for_session	1	예	-
D	src/services/discord/tmux_watcher/supervisor_relay.rs::watcher_terminal_commit_fence	1	예	-
D	src/services/discord/tmux_watcher/terminal_long_chunks.rs::advance	1	예	-
D	src/services/discord/tmux_watcher/terminal_long_chunks.rs::apply_watcher_long_chunks_controller	1	예	-
D	src/services/discord/tmux_watcher/terminal_long_chunks.rs::commit_legacy_watcher_delivery	1	예	-
D	src/services/discord/tmux_watcher/terminal_long_chunks.rs::deliver_long_chunks_via_controller	2	예	-
D	src/services/discord/tmux_watcher/terminal_long_chunks.rs::persist	1	예	-
D	src/services/discord/tmux_watcher/terminal_preflight.rs::run_terminal_preflight_prepare	1	예	-
D	src/services/discord/tmux_watcher/terminal_preflight.rs::run_terminal_preflight_suppression	11	예	-
D	src/services/discord/tmux_watcher/terminal_preflight.rs::write_terminal_preflight_suppression_state	1	예	-
D	src/services/discord/tmux_watcher/terminal_readiness.rs::watcher_fresh_idle_session_bound_retry_plan	1	예	-
D	src/services/discord/tmux_watcher/terminal_readiness.rs::watcher_stream_seed_after_restored_seed_discard	1	예	-
D	src/services/discord/tmux_watcher/terminal_readiness.rs::watcher_terminal_rewind_seed	1	예	-
D	src/services/discord/tmux_watcher/terminal_readiness.rs::watcher_terminal_rewind_seed_from_parts	2	예	-
D	src/services/discord/tmux_watcher/terminal_send.rs::apply_watcher_short_replace_controller	2	예	-
D	src/services/discord/tmux_watcher/terminal_send.rs::deliver_short_replace_via_controller	3	예	-
D	src/services/discord/tmux_watcher/turn_identity.rs::matching_watcher_turn_identity	1	예	-
D	src/services/discord/tmux_watcher/turn_identity.rs::pinned_delivery_lease_key	1	예	-
D	src/services/discord/tmux_watcher/turn_identity.rs::try_acquire_watcher_delivery_lease	4	예	-
D	src/services/discord/tmux_watcher/turn_stream_collector.rs::collect_turn_stream_until_terminal	16	예	-
D	src/services/discord/tmux_watcher/two_message_panel.rs::preregister_watcher_two_message_panel_orphan	1	예	-
D	src/services/discord/tmux_watcher/utf8_chunk_decoder.rs::decode	5	예	-
D	src/services/discord/tui_direct_pending_start.rs::demote_stale_foreign_inflight_if_current	6	예	-
D	src/services/discord/tui_direct_pending_start.rs::submit_committed_foreign_inflight_complete	2	예	R32(fn)
D	src/services/discord/tui_direct_pending_start.rs::submit_stale_foreign_inflight_cancel	1	예	-
D	src/services/discord/tui_prompt_relay.rs::spawn_tui_prompt_relay	1	예	-
D	src/services/discord/tui_prompt_relay/claude_idle_bridge.rs::build_tui_direct_bridge_inflight_state	1	예	-
D	src/services/discord/tui_prompt_relay/claude_idle_bridge.rs::stream_tui_idle_response_through_bridge	2	예	-
D	src/services/discord/tui_prompt_relay/claude_idle_bridge.rs::stream_tui_idle_response_with_gateway	3	예	-
D	src/services/discord/tui_prompt_relay/claude_idle_runtime.rs::other_session_claimed_transcripts	1	예	-
D	src/services/discord/tui_prompt_relay/claude_idle_runtime.rs::refresh_claude_runtime_binding	1	예	-
D	src/services/discord/tui_prompt_relay/claude_idle_runtime.rs::relay_idle_claude_bindings	2	예	M16,M7(fn)
D	src/services/discord/tui_prompt_relay/claude_idle_runtime.rs::resolved_claude_idle_relay_transcript_path	1	예	-
D	src/services/discord/tui_prompt_relay/claude_idle_runtime.rs::spawn_claude_idle_transcript_relay	2	예	-
D	src/services/discord/tui_prompt_relay/codex_idle_rollout.rs::run_codex_idle_response_tail	1	예	-
D	src/services/discord/tui_prompt_relay/codex_idle_rollout.rs::spawn_codex_idle_rollout_relay	4	예	-
D	src/services/discord/tui_prompt_relay/rehydration.rs::codex_tui_rehydrated_binding_from_rollout_path	1	예	-
D	src/services/discord/tui_prompt_relay/rehydration.rs::rehydrate_codex_tui_binding_transaction	2	예	-
D	src/services/discord/tui_prompt_relay/rehydration.rs::rehydrate_existing_claude_tui_bindings	3	예	-
D	src/services/discord/tui_prompt_relay/rehydration.rs::rehydrate_existing_codex_tui_bindings	2	예	-
D	src/services/discord/tui_prompt_relay/rehydration.rs::rehydrated_claude_tui_binding_for_tmux_session	1	예	-
D	src/services/discord/tui_prompt_relay/rehydration.rs::rehydrated_codex_tui_binding_for_tmux_session	2	예	-
D	src/services/discord/tui_prompt_relay/relay_ownership.rs::resolved_codex_idle_relay_binding_inner	1	예	-
D	src/services/discord/tui_prompt_relay/session_rotation_settle.rs::settle_claude_session_rotations	1	예	-
D	src/services/discord/tui_prompt_relay/session_rotation_settle.rs::settle_one_claude_session_rotation	1	예	M17
D	src/services/discord/tui_prompt_relay/session_rotation_settle.rs::submit_rotation_settle	3	예	M17(fn)
D	src/services/discord/tui_prompt_relay/synthetic_orphan_reclaim.rs::pending_start_reclaim_orphan_fn	1	예	-
D	src/services/discord/tui_prompt_relay/synthetic_orphan_reclaim.rs::reclaim_orphan_inflight_owner	1	예	-
D	src/services/discord/tui_prompt_relay/synthetic_start.rs::claim_tui_direct_synthetic_turn_prepared	1	예	-
D	src/services/discord/tui_prompt_relay/synthetic_start.rs::finish_tui_direct_synthetic_turn_if_current	2	예	-
D	src/services/discord/tui_prompt_relay/synthetic_start.rs::pending_start_claim_fn	1	예	-
D	src/services/discord/tui_prompt_relay/synthetic_start/bridge_handoff.rs::capture_dormant	1	예	-
D	src/services/discord/tui_prompt_relay/synthetic_start/bridge_handoff.rs::preserve_admitted_source	1	예	-
D	src/services/discord/tui_prompt_relay/synthetic_start/bridge_handoff.rs::preserve_continuation	2	예	-
D	src/services/discord/tui_prompt_relay/synthetic_start/bridge_handoff.rs::preserve_stamped_source	1	예	-
D	src/services/discord/tui_prompt_relay/synthetic_start/bridge_handoff.rs::record	1	예	-
D	src/services/discord/tui_prompt_relay/synthetic_start/claim.rs::claim_tui_direct_synthetic_turn	1	예	-
D	src/services/discord/tui_prompt_relay/synthetic_start_wiring.rs::wire_tui_direct_synthetic_turn_start	1	예	-
D	src/services/discord/turn_bridge/bridge_entry_persist.rs::establish_bridge_entry_authority	2	예	-
D	src/services/discord/turn_bridge/bridge_entry_persist.rs::persist_bridge_entry_inflight_state	1	예	-
D	src/services/discord/turn_bridge/bridge_entry_persist.rs::reconcile_runtime_locals_from_inflight_state	3	예	M3(fn)
D	src/services/discord/turn_bridge/bridge_entry_persist.rs::spawn_turn_bridge	1	예	-
D	src/services/discord/turn_bridge/completion_postlude.rs::run_completion_postlude	2	예	R32(fn)
D	src/services/discord/turn_bridge/current_message_anchor.rs::ensure_bridge_current_message_anchor	1	예	M6(fn)
D	src/services/discord/turn_bridge/guards.rs::make_bridge_guards	1	예	-
D	src/services/discord/turn_bridge/mod.rs::spawn_turn_bridge_with_pin	16	예	-
D	src/services/discord/turn_bridge/post_loop_finalize.rs::bridge_terminal_claim_snapshot	1	예	-
D	src/services/discord/turn_bridge/post_loop_finalize.rs::run_post_loop_finalize	1	예	-
D	src/services/discord/turn_bridge/retry_state.rs::clear_response_delivery_state	2	예	-
D	src/services/discord/turn_bridge/retry_state.rs::refresh_delivery_rewind_state	1	예	-
D	src/services/discord/turn_bridge/retry_state.rs::reset_gemini_retry_attempt_state	1	예	-
D	src/services/discord/turn_bridge/retry_state.rs::rewind_and_persist_delivery_on_reclaim	4	예	-
D	src/services/discord/turn_bridge/retry_state.rs::rewind_delivery_on_reclaim	2	예	-
D	src/services/discord/turn_bridge/retry_state.rs::sync_response_delivery_state	2	예	-
D	src/services/discord/turn_bridge/retry_state.rs::sync_terminal_error_delivery_state	2	예	-
D	src/services/discord/turn_bridge/retry_state.rs::sync_terminal_error_delivery_state_for_bridge_owner	3	예	M4(fn)
D	src/services/discord/turn_bridge/runtime_handoff_loop.rs::handle_runtime_handoff_loop_message	36	예	-
D	src/services/discord/turn_bridge/runtime_handoff_loop.rs::into_stream_message	2	예	-
D	src/services/discord/turn_bridge/runtime_handoff_loop/claude_e.rs::stamp_process_evidence	2	예	-
D	src/services/discord/turn_bridge/runtime_handoff_loop/watcher_handoff.rs::handle_watcher_runtime_handoff	12	예	-
D	src/services/discord/turn_bridge/single_message_footer.rs::maybe_create_bridge_separate_status_panel_response	1	예	M6(fn)
D	src/services/discord/turn_bridge/stream_loop.rs::run_stream_loop	33	예	-
D	src/services/discord/turn_bridge/stream_loop/content_arms.rs::handle_stream_content_message	7	예	-
D	src/services/discord/turn_bridge/stream_loop/exit_reconcile.rs::reconcile_saved_exit_candidate	1	예	-
D	src/services/discord/turn_bridge/stream_loop/exit_reconcile.rs::saved_exit_candidate_projection	3	예	-
D	src/services/discord/turn_bridge/stream_loop/exit_reconcile.rs::settle_and_reconcile_exit_candidate	1	예	-
D	src/services/discord/turn_bridge/stream_loop/expected_identity.rs::refresh_stream_tick_expected_identity_after_handoff	2	예	-
D	src/services/discord/turn_bridge/stream_loop/tool_arms.rs::handle_stream_tool_message	4	예	-
D	src/services/discord/turn_bridge/stream_loop/tool_arms/authority.rs::fence_restart_visible_mutation	2	예	-
D	src/services/discord/turn_bridge/stream_loop/tool_arms/authority.rs::fence_terminal_tool_result_transition	2	예	-
D	src/services/discord/turn_bridge/stream_loop/tool_arms/authority.rs::reconcile_tool_arm_locals_after_guarded_save	2	예	-
D	src/services/discord/turn_bridge/stream_loop/types.rs::<module>	1	예	-
D	src/services/discord/turn_bridge/stream_loop/types.rs::persist_pinned_terminal_anchor	2	예	-
D	src/services/discord/turn_bridge/stream_tick.rs::run_bridge_stream_tick	16	예	M2,M2(fn)
D	src/services/discord/turn_bridge/stream_tick/guarded_persist.rs::visible_mutation_authority_after_guarded_save	1	예	-
D	src/services/discord/turn_bridge/terminal_controller_cutover.rs::apply_bridge_long_chunks_controller	2	예	-
D	src/services/discord/turn_bridge/terminal_controller_cutover.rs::apply_bridge_long_chunks_legacy	4	예	-
D	src/services/discord/turn_bridge/terminal_controller_cutover.rs::apply_bridge_long_chunks_outcome	1	예	-
D	src/services/discord/turn_bridge/terminal_controller_cutover.rs::apply_bridge_short_replace_controller	1	예	-
D	src/services/discord/turn_bridge/terminal_controller_cutover.rs::deliver_long_chunks_via_controller	4	예	-
D	src/services/discord/turn_bridge/terminal_controller_cutover.rs::deliver_short_replace_via_controller	4	예	-
D	src/services/discord/turn_bridge/terminal_delivery.rs::acquire	4	예	-
D	src/services/discord/turn_bridge/terminal_delivery.rs::advance_tmux_relay_confirmed_end	1	예	-
D	src/services/discord/turn_bridge/terminal_delivery.rs::commit_after_send	1	예	-
D	src/services/discord/turn_bridge/terminal_delivery.rs::commit_after_send_observing	4	예	-
D	src/services/discord/turn_bridge/terminal_delivery.rs::commit_and_advance	3	예	-
D	src/services/discord/turn_bridge/terminal_delivery.rs::commit_lease	1	예	-
D	src/services/discord/turn_bridge/terminal_delivery.rs::drop	1	예	-
D	src/services/discord/turn_bridge/terminal_delivery.rs::record_stopped_turn_terminal_replace_delivery	1	예	-
D	src/services/discord/turn_bridge/terminal_delivery.rs::release_lease	1	예	-
D	src/services/discord/turn_bridge/terminal_delivery.rs::release_without_receipt	2	예	-
D	src/services/discord/turn_bridge/terminal_outcome_delivery.rs::run_terminal_outcome_delivery	15	예	M5(fn)
D	src/services/discord/turn_bridge/terminal_outcome_delivery/busy_followup_retry.rs::handle_empty_response_and_busy_requeue	1	예	-
D	src/services/discord/turn_bridge/terminal_outcome_delivery/cancel_prompt_replace.rs::handle_cancel_prompt_replace	4	예	M5(fn)
D	src/services/discord/turn_bridge/terminal_outcome_delivery/delivery_epilogue.rs::handle_delivery_epilogue	5	예	M3(fn)
D	src/services/discord/turn_bridge/terminal_outcome_delivery/empty_response_recovery/handler.rs::handle_empty_response_recovery	3	예	-
D	src/services/discord/turn_bridge/terminal_outcome_delivery/foreign_terminal_handoff.rs::prepare_receipt_disposition	4	예	-
D	src/services/discord/turn_bridge/terminal_outcome_delivery/foreign_terminal_handoff.rs::preserve_or_publish	2	예	-
D	src/services/discord/turn_bridge/terminal_outcome_delivery/foreign_terminal_handoff.rs::resume_payload_with_gateway	1	예	-
D	src/services/discord/turn_bridge/terminal_outcome_delivery/foreign_terminal_handoff.rs::resume_with_gateway	4	예	-
D	src/services/discord/turn_bridge/terminal_outcome_delivery/rowless_receipt.rs::decision	1	예	-
D	src/services/discord/turn_bridge/terminal_outcome_delivery/rowless_receipt.rs::from_terminal	1	예	-
D	src/services/discord/turn_bridge/two_message_panel.rs::create_bridge_two_message_status_panel_below_answer	1	예	-
D	src/services/discord/turn_bridge/two_message_panel.rs::reanchor_bridge_two_message_status_panel_below_answer	1	예	-
D	src/services/discord/turn_finalizer.rs::actor_loop	3	예	-
D	src/services/discord/turn_finalizer/cleanup.rs::enqueue_terminal_status_panel_reconcile	1	예	-
D	src/services/discord/turn_finalizer/cleanup.rs::ensure_synthetic_claim_marker_before_clear	1	예	-
D	src/services/discord/turn_finalizer/cleanup.rs::from_row	1	예	-
D	src/services/discord/turn_finalizer/delivery_lease.rs::handle_acquire_delivery	2	예	-
D	src/services/discord/turn_finalizer/delivery_lease.rs::handle_commit_delivery	2	예	-
D	src/services/discord/turn_finalizer/delivery_lease.rs::handle_release_delivery	1	예	-
D	src/services/discord/turn_finalizer/episode.rs::claim_normal_episode	2	예	-
D	src/services/discord/turn_finalizer/reconcile.rs::reconcile	1	예	-
D	src/services/discord/turn_lease.rs::claim	1	예	-
D	src/services/discord/turn_lease.rs::clear_late_projection	1	예	-
D	src/services/discord/watchers/codex_tui_restore.rs::rollout_fallback_for_live_direct_resume	1	예	-
D	src/services/discord/zombie_foreground_release.rs::inflight_episode_lookup_for_tmux_name	1	불명	-
D	src/services/observability/emit.rs::emit_turn_finished_with_dispatch_kind	1	불명	-
D	src/services/observability/metrics.rs::record_success	1	불명	-
D	src/services/opencode/streaming_entry.rs::execute_command_streaming	1	불명	-
D	src/services/provider.rs::tmux_followup_fallback_after_read_error	1	불명	-
D	src/services/provider/output_reader.rs::poll_output_file_until_result	2	불명	-
D	src/services/provider_exec.rs::execute_simple_blocking_inner	1	불명	-
D	src/services/provider_exec.rs::execute_structured_with_context	1	불명	-
D	src/services/qwen.rs::execute_command_streaming	2	불명	-
D	src/services/qwen.rs::qwen_read_output_file_until_result_tracked	1	불명	-
D	src/services/qwen.rs::register_qwen_tmux_runtime_binding	1	불명	-
D	src/services/qwen/followup_reader.rs::send_followup_to_tmux	5	불명	-
D	src/services/qwen/session_lifecycle.rs::execute_streaming_local_process	2	불명	-
D	src/services/qwen/session_lifecycle.rs::execute_streaming_local_tmux	3	불명	-
D	src/services/session_backend.rs::new	1	불명	-
D	src/services/session_backend.rs::read_output_file_until_result_with_harvest	1	불명	-
D	src/services/stale_turn_reconciler.rs::channel_inflight_observation	1	불명	-
D	src/services/termination_audit.rs::build_record	1	불명	-
D	src/services/termination_audit.rs::record_termination	1	불명	-
D	src/services/termination_audit.rs::record_termination_with_handles	1	불명	-
D	src/services/tui_prompt_dedupe/runtime_binding.rs::adopt_claude_continuation_session	1	불명	-
D	src/services/tui_prompt_dedupe/runtime_binding.rs::advance_tmux_runtime_binding_offset	1	불명	-
D	src/services/tui_prompt_dedupe/runtime_binding.rs::advance_tmux_runtime_binding_offset_under_source_authority	1	불명	-
D	src/services/writer_protocol/authority.rs::from_catalog	1	불명	-
