kind	cat	name	files	depth	chain
wrapper	A	adopt_watcher_singleton_panel_after_fresh_bind	src/services/discord/tmux_watcher/two_message_panel.rs	3	delete_nonterminal_placeholder → delete_placeholder_with_operation → .delete_message
wrapper	A	apply_bridge_short_replace_controller	src/services/discord/turn_bridge/terminal_controller_cutover.rs	4	deliver_short_replace_via_controller → deliver_turn_output_with_fallback_revalidation → deliver → .send_message
wrapper	A	apply_dispatch_status_reaction_state	src/services/dispatches/discord_delivery/orchestration.rs	2	update_dispatch_reaction_presence → REST:channels/{}/messages
wrapper	A	apply_orphan_pending_token_cleanup	src/services/discord/health/relay_auto_heal.rs	6	auto_apply_relay_recovery_for_shared → auto_apply_relay_recovery_for_shared_at → apply_relay_recovery_plan → apply_relay_recovery_plan_with_seams → queue_or_resume_open_alert_with_enqueue → .pin
wrapper	A	apply_placeholder_suppression	src/services/discord/tmux_placeholder_suppression/ops.rs	3	delete_nonterminal_placeholder → delete_placeholder_with_operation → .delete_message
wrapper	A	apply_reaction	src/services/discord/turn_view_reconciler/apply.rs	5	try_add_reaction_raw_with_shared_detailed → try_reaction_raw_with_shared_detailed → try_reaction_raw_once_on_channel_detailed → apply_reaction_action_detailed → .create_reaction
wrapper	A	apply_reaction_action_detailed	src/services/discord/reaction_lifecycle.rs	1	.create_reaction
wrapper	A	apply_relay_recovery_plan	src/services/discord/relay_recovery_auto_heal_apply.rs	3	apply_relay_recovery_plan_with_seams → queue_or_resume_open_alert_with_enqueue → .pin
wrapper	A	apply_relay_recovery_plan_with_seams	src/services/discord/relay_recovery_auto_heal_apply.rs	2	queue_or_resume_open_alert_with_enqueue → .pin
wrapper	A	apply_watchdog_orphan_token_cleanup	src/services/discord/health/relay_auto_heal.rs	7	apply_orphan_pending_token_cleanup → auto_apply_relay_recovery_for_shared → auto_apply_relay_recovery_for_shared_at → apply_relay_recovery_plan → apply_relay_recovery_plan_with_seams → queue_or_resume_open_alert_with_enqueue → .pin
wrapper	A	apply_watcher_direct_fallback_send	src/services/discord/tmux_watcher/terminal_direct_fallback.rs	3	delete_terminal_placeholder → delete_placeholder_with_operation → .delete_message
wrapper	A	apply_watcher_short_replace_controller	src/services/discord/tmux_watcher/terminal_send.rs	4	deliver_short_replace_via_controller → deliver_turn_output_with_fallback_revalidation → deliver → .send_message
wrapper	A	auto_apply_relay_recovery_for_shared	src/services/discord/relay_recovery.rs	5	auto_apply_relay_recovery_for_shared_at → apply_relay_recovery_plan → apply_relay_recovery_plan_with_seams → queue_or_resume_open_alert_with_enqueue → .pin
wrapper	A	auto_apply_relay_recovery_for_shared_at	src/services/discord/relay_recovery.rs	4	apply_relay_recovery_plan → apply_relay_recovery_plan_with_seams → queue_or_resume_open_alert_with_enqueue → .pin
wrapper	A	channels_post	src/server/routes/onboarding.rs,src/services/onboarding/channel.rs	2	load_channels → REST:discord.com/api
wrapper	A	cleanup_headless_streaming_placeholder_after_delivery	src/services/discord/turn_bridge/headless_delivery.rs	2	delete_channel_message → .delete_message
wrapper	A	cleanup_or_preserve_watcher_orphan_spinner	src/services/discord/turn_bridge/watcher_orphan_cleanup.rs	1	.delete_message
wrapper	A	cleanup_orphan_external_input_status_panel	src/services/discord/tmux_watcher/orphan_status_panel_cleanup.rs	3	delete_nonterminal_placeholder → delete_placeholder_with_operation → .delete_message
wrapper	A	cleanup_replace_continuations_after_failure	src/services/discord/formatting/replace_long_message.rs	3	delete_rollback_channel_message → delete_channel_message → .delete_message
wrapper	A	cleanup_routing_orphaned_inflight	src/services/discord/recovery_engine/routing_orphan.rs	8	relay_recovery_terminal_notice → relay_recovery_terminal_notice_with_capture → relay_recovered_terminal_text_to_placeholder → relay_no_anchor_terminal_text → send_long_message_raw_with_reference_returning_message_ids → send_channel_message_with_optional_reference → send_channel_message → .send_message
wrapper	A	cleanup_unbound_bridge_anchor	src/services/discord/turn_bridge/current_message_anchor.rs	1	.delete_message
wrapper	A	commit_and_finalize	src/services/discord/outbound/turn_output_controller.rs	2	post_send_finalize → .delete_message
wrapper	A	compensate_reaction_ops	src/services/discord/turn_view_reconciler/apply.rs	6	apply_reaction → try_add_reaction_raw_with_shared_detailed → try_reaction_raw_with_shared_detailed → try_reaction_raw_once_on_channel_detailed → apply_reaction_action_detailed → .create_reaction
wrapper	A	complete_bridge_single_message_completion_footer	src/services/discord/turn_bridge/single_message_footer.rs	3	note_turn_completed_footer → edit_channel_message → .edit_message
wrapper	A	complete_bridge_single_message_terminal_no_footer	src/services/discord/turn_bridge/single_message_footer.rs	3	note_footer_suppressed_for_tui_mirror → edit_channel_message → .edit_message
wrapper	A	complete_bridge_terminal_footer_or_status_panel	src/services/discord/turn_bridge/single_message_footer.rs	5	complete_bridge_terminal_footer_or_status_panel_with_sniffer → complete_bridge_single_message_completion_footer → note_turn_completed_footer → edit_channel_message → .edit_message
wrapper	A	complete_bridge_terminal_footer_or_status_panel_with_sniffer	src/services/discord/turn_bridge/single_message_footer.rs	4	complete_bridge_single_message_completion_footer → note_turn_completed_footer → edit_channel_message → .edit_message
wrapper	A	complete_watcher_single_message_completion_footer	src/services/discord/tmux_watcher/single_message_footer.rs	3	note_turn_completed_footer → edit_channel_message → .edit_message
wrapper	A	complete_watcher_single_message_terminal_no_footer	src/services/discord/tmux_watcher/single_message_footer.rs	3	note_footer_suppressed_for_tui_mirror → edit_channel_message → .edit_message
wrapper	A	complete_watcher_terminal_footer_or_status_panel	src/services/discord/tmux_watcher/single_message_footer.rs	4	complete_watcher_single_message_completion_footer → note_turn_completed_footer → edit_channel_message → .edit_message
wrapper	A	complete_watcher_terminal_footer_or_status_panel_with_sniffer	src/services/discord/tmux_watcher/completion_producer.rs	5	complete_watcher_terminal_footer_or_status_panel → complete_watcher_single_message_completion_footer → note_turn_completed_footer → edit_channel_message → .edit_message
wrapper	A	create_bridge_two_message_status_panel_below_answer	src/services/discord/turn_bridge/two_message_panel.rs	1	.delete_message
wrapper	A	create_model_picker_forum_post	src/services/discord/commands/model_picker.rs	2	send_model_picker_card → .send_message
wrapper	A	delete	src/services/discord/mod.rs,src/services/discord/placeholder_controller/queued_card_gate.rs,src/services/discord/runtime_bootstrap/queued_placeholders.rs	1	.delete_message
wrapper	A	delete_active_anchor_after_chunks	src/services/discord/outbound/turn_output_controller/transport.rs	1	.delete_message
wrapper	A	delete_channel_message	src/services/discord/http.rs	1	.delete_message
wrapper	A	delete_discord_message	src/server/routes/e2e_control.rs	2	delete_message → .delete_message
wrapper	A	delete_failed_synthetic_owned_placeholder	src/services/discord/tui_prompt_relay/synthetic_start_wiring.rs	1	.delete_message
wrapper	A	delete_message	src/services/discord/e2e_control.rs,src/services/discord/gateway.rs,src/services/discord/tui_prompt_relay/bridge_gateway.rs	1	.delete_message
wrapper	A	delete_nonterminal_placeholder	src/services/discord/tmux_placeholder_suppression/ops.rs	2	delete_placeholder_with_operation → .delete_message
wrapper	A	delete_nonterminal_placeholder_unless_delivered	src/services/discord/tmux_placeholder_suppression/ops.rs	3	delete_placeholder_unless_delivered → delete_placeholder_with_operation → .delete_message
wrapper	A	delete_older_recorded_recaps_for_channel	src/services/discord/idle_recap/card.rs	4	delete_recorded_recap_cards → delete_previous_card → delete_channel_message → .delete_message
wrapper	A	delete_panel	src/services/discord/recovery_engine/two_message_panel.rs	2	delete_channel_message → .delete_message
wrapper	A	delete_placeholder_unless_delivered	src/services/discord/tmux_placeholder_suppression/ops.rs	2	delete_placeholder_with_operation → .delete_message
wrapper	A	delete_placeholder_with_operation	src/services/discord/tmux_placeholder_suppression/ops.rs	1	.delete_message
wrapper	A	delete_previous_card	src/services/discord/idle_recap/card.rs	2	delete_channel_message → .delete_message
wrapper	A	delete_recorded_recap_cards	src/services/discord/idle_recap/card.rs	3	delete_previous_card → delete_channel_message → .delete_message
wrapper	A	delete_rollback_channel_message	src/services/discord/formatting/long_send_rollback.rs	2	delete_channel_message → .delete_message
wrapper	A	delete_terminal_placeholder	src/services/discord/tmux_placeholder_suppression/ops.rs	2	delete_placeholder_with_operation → .delete_message
wrapper	A	delete_terminal_placeholder_unless_delivered	src/services/discord/tmux_placeholder_suppression/ops.rs	3	delete_placeholder_unless_delivered → delete_placeholder_with_operation → .delete_message
wrapper	A	delete_watcher_rollover_frozen_prefixes	src/services/discord/tmux_placeholder_suppression/ops.rs	3	delete_nonterminal_placeholder → delete_placeholder_with_operation → .delete_message
wrapper	A	deliver	src/server/outbox_actionable_delivery.rs,src/services/discord/outbound/turn_output_controller/fresh_send.rs,src/services/discord/session_relay_sink/terminal_handoff.rs,src/services/discord/turn_bridge/stream_loop/types.rs	1	.send_message
wrapper	A	deliver_card_post_claim	src/services/discord/task_notification_delivery/card_post.rs	7	post_card → send_outbound_message_with_nonce_classified → deliver_outbound → deliver_outbound_with_overrides → deliver_single → send_content → .edit_message
wrapper	A	deliver_channel_message	src/services/discord/discord_io.rs	5	deliver_outbound → deliver_outbound_with_overrides → deliver_single → send_content → .edit_message
wrapper	A	deliver_chunked_manual_notification	src/services/discord/outbound/manual_delivery.rs	2	post_message → .send_message
wrapper	A	deliver_claim	src/services/discord/task_notification_delivery/mod.rs	7	edit_card → edit_outbound_message_classified → deliver_outbound → deliver_outbound_with_overrides → deliver_single → send_content → .edit_message
wrapper	A	deliver_long_chunks_via_controller	src/services/discord/tmux_watcher/terminal_long_chunks.rs,src/services/discord/turn_bridge/terminal_controller_cutover.rs	4	deliver_turn_output → deliver_turn_output_with_fallback_revalidation → deliver → .send_message
wrapper	A	deliver_manual_dm_notification	src/services/discord/outbound/manual_delivery.rs	2	post_text_attachment → .send_message
wrapper	A	deliver_manual_notification	src/services/discord/outbound/manual_delivery.rs	2	post_text_attachment → .send_message
wrapper	A	deliver_meeting_message	src/services/discord/meeting_orchestrator/selection_runtime.rs	5	deliver_outbound → deliver_outbound_with_overrides → deliver_single → send_content → .edit_message
wrapper	A	deliver_monitoring_status	src/services/discord/monitoring_status.rs	5	deliver_outbound → deliver_outbound_with_overrides → deliver_single → send_content → .edit_message
wrapper	A	deliver_new_message_with_task_authority	src/services/discord/session_relay_sink/task_notification_context.rs	5	send_plain_response_chunks → send_long_message_raw_with_reference_returning_message_ids → send_channel_message_with_optional_reference → send_channel_message → .send_message
wrapper	A	deliver_outbound	src/services/discord/outbound/delivery.rs	4	deliver_outbound_with_overrides → deliver_single → send_content → .edit_message
wrapper	A	deliver_outbound_with_overrides	src/services/discord/outbound/delivery.rs	3	deliver_single → send_content → .edit_message
wrapper	A	deliver_pm_fallback	src/server/routes/escalation.rs	2	send_channel_message → .send_message
wrapper	A	deliver_recovery_replace_via_controller	src/services/discord/recovery_paths/controller_cutover.rs	5	deliver_recovery_replace_via_controller_with_probe → deliver_turn_output → deliver_turn_output_with_fallback_revalidation → deliver → .send_message
wrapper	A	deliver_recovery_replace_via_controller_with_probe	src/services/discord/recovery_paths/controller_cutover.rs	4	deliver_turn_output → deliver_turn_output_with_fallback_revalidation → deliver → .send_message
wrapper	A	deliver_response	src/services/discord/session_relay_sink.rs,src/services/discord/standby_relay.rs	1	.delete_message
wrapper	A	deliver_short_replace_via_controller	src/services/discord/session_relay_sink/short_controller.rs,src/services/discord/standby_relay.rs,src/services/discord/tmux_watcher/terminal_send.rs,src/services/discord/turn_bridge/terminal_controller_cutover.rs	3	deliver_turn_output_with_fallback_revalidation → deliver → .send_message
wrapper	A	deliver_single	src/services/discord/outbound/delivery.rs	2	send_content → .edit_message
wrapper	A	deliver_split	src/services/discord/outbound/delivery.rs	2	send_content → .edit_message
wrapper	A	deliver_turn_output	src/services/discord/outbound/turn_output_controller.rs	3	deliver_turn_output_with_fallback_revalidation → deliver → .send_message
wrapper	A	deliver_turn_output_with_fallback_revalidation	src/services/discord/outbound/turn_output_controller.rs	2	deliver → .send_message
wrapper	A	deliver_with_bot	src/server/outbox_actionable_delivery.rs	7	send_message_with_backends_and_delivery_options → send_message_with_backends_and_delivery_options_for_caller → send_resolved_manual_message_with_client → send_resolved_manual_message_with_client_and_nonce_rollout → deliver_manual_notification → post_text_attachment → .send_message
wrapper	A	dm_reply_retry_loop	src/server/mod.rs	8	retry_failed_dm_notifications → notify_source_agent → deliver_channel_message → deliver_outbound → deliver_outbound_with_overrides → deliver_single → send_content → .edit_message
wrapper	A	drive_non_fresh_transport	src/services/discord/outbound/turn_output_controller/transport.rs	1	.send_message
wrapper	A	drive_transport	src/services/discord/outbound/turn_output_controller.rs	2	drive_non_fresh_transport → .send_message
wrapper	A	edit	src/services/discord/turn_bridge/status_panel.rs	2	edit_channel_message → .edit_message
wrapper	A	edit_bound_current_message	src/services/discord/turn_bridge/current_message_anchor.rs	2	edit_message → .edit_message
wrapper	A	edit_card	src/services/discord/task_notification_delivery/gateway.rs	6	edit_outbound_message_classified → deliver_outbound → deliver_outbound_with_overrides → deliver_single → send_content → .edit_message
wrapper	A	edit_channel_message	src/services/discord/footer_view_reconciler/mod.rs,src/services/discord/http.rs	1	.edit_message
wrapper	A	edit_channel_message_with_components	src/services/discord/http.rs	1	.edit_message
wrapper	A	edit_chunk0_returning_receipt	src/services/discord/formatting/replace_long_message.rs	2	edit_channel_message → .edit_message
wrapper	A	edit_deferred_ephemeral	src/services/discord/idle_recap_interaction.rs	1	.edit_response
wrapper	A	edit_intake_placeholder	src/services/discord/gateway/outbound_messages.rs	6	edit_outbound_message_classified → deliver_outbound → deliver_outbound_with_overrides → deliver_single → send_content → .edit_message
wrapper	A	edit_meeting_message	src/services/discord/meeting_orchestrator/selection_runtime.rs	5	deliver_outbound → deliver_outbound_with_overrides → deliver_single → send_content → .edit_message
wrapper	A	edit_message	src/services/discord/gateway.rs,src/services/discord/meeting_orchestrator/selection_runtime.rs,src/services/discord/monitoring_status.rs,src/services/discord/outbound/transport.rs,src/services/discord/tui_prompt_relay/bridge_gateway.rs	1	.edit_message
wrapper	A	edit_message_with_retry	src/services/discord/placeholder_controller.rs	1	.edit_message
wrapper	A	edit_outbound_message	src/services/discord/gateway/outbound_messages.rs	5	deliver_outbound → deliver_outbound_with_overrides → deliver_single → send_content → .edit_message
wrapper	A	edit_outbound_message_classified	src/services/discord/gateway/outbound_messages.rs	5	deliver_outbound → deliver_outbound_with_overrides → deliver_single → send_content → .edit_message
wrapper	A	edit_placeholder_safe	src/services/discord/placeholder_sweeper.rs	6	edit_outbound_message → deliver_outbound → deliver_outbound_with_overrides → deliver_single → send_content → .edit_message
wrapper	A	edit_placeholder_with_operation	src/services/discord/tmux_placeholder_suppression/ops.rs	2	edit_channel_message → .edit_message
wrapper	A	edit_preserve_placeholder	src/services/discord/tmux_placeholder_suppression/ops.rs	3	edit_placeholder_with_operation → edit_channel_message → .edit_message
wrapper	A	edit_raw_message_once	src/services/dispatches/discord_delivery/transport.rs	1	REST:channels/{channel_id}/messages
wrapper	A	edit_terminal_placeholder	src/services/discord/tmux_placeholder_suppression/ops.rs	3	edit_placeholder_with_operation → edit_channel_message → .edit_message
wrapper	A	enqueue_headless_delivery	src/services/discord/turn_bridge/headless_delivery.rs	6	send_long_message_raw → send_long_message_raw_with_reference → send_long_message_raw_with_reference_returning_message_ids → send_channel_message_with_optional_reference → send_channel_message → .send_message
wrapper	A	ensure_queue_reaction_or_fallback_http	src/services/discord/outbound/reaction_control.rs	7	send_reaction_control_reply_http → send_referenced_lifecycle_notice → deliver_outbound → deliver_outbound_with_overrides → deliver_single → send_content → .edit_message
wrapper	A	ephemeral_reply	src/services/discord/commands/node.rs,src/services/discord/sidecar_interaction.rs	1	.create_response
wrapper	A	fence_stream_tick_visible_mutation_with_candidate_cleanup	src/services/discord/turn_bridge/stream_tick/guarded_persist.rs	4	persist_stream_tick_state_with_candidate_cleanup_mode → discard_pending_current_message_candidate → cleanup_unbound_bridge_anchor → .delete_message
wrapper	A	guard_rollover	src/services/discord/tmux_watcher/provider_output_guard.rs	2	edit_channel_message → .edit_message
wrapper	A	guarded_bridge_rollover_edit	src/services/discord/turn_bridge/stream_tick.rs	2	edit_message → .edit_message
wrapper	A	handle_cancel_prompt_replace	src/services/discord/turn_bridge/terminal_outcome_delivery/cancel_prompt_replace.rs	6	replace_message_with_outcome → replace_long_message_raw_with_outcome → replace_long_message_raw_with_outcome_returning_receipt → replace_long_message_raw_deferred_returning_receipt → send_channel_message → .send_message
wrapper	A	handle_delivery_epilogue	src/services/discord/turn_bridge/terminal_outcome_delivery/delivery_epilogue.rs	1	.delete_message
wrapper	A	handle_idle_recap_relay_diag_interaction	src/services/discord/idle_recap_interaction.rs	1	.create_response
wrapper	A	handle_relay_recovery	src/services/discord/health/recovery.rs	6	run_relay_recovery → run_relay_recovery_at → apply_relay_recovery_plan → apply_relay_recovery_plan_with_seams → queue_or_resume_open_alert_with_enqueue → .pin
wrapper	A	handle_send	src/services/discord/outbound/send_api.rs	8	handle_send_with_caller → send_message_with_backends_and_delivery_id_for_caller → send_message_with_backends_and_delivery_options_for_caller → send_resolved_manual_message_with_client → send_resolved_manual_message_with_client_and_nonce_rollout → deliver_manual_notification → post_text_attachment → .send_message
wrapper	A	handle_send_to_agent	src/services/discord/outbound/send_to_agent.rs	8	send_message_with_backends → send_message_with_backends_and_delivery_id → send_message_with_backends_and_delivery_options_for_caller → send_resolved_manual_message_with_client → send_resolved_manual_message_with_client_and_nonce_rollout → deliver_manual_notification → post_text_attachment → .send_message
wrapper	A	handle_send_with_caller	src/services/discord/outbound/send_api.rs	7	send_message_with_backends_and_delivery_id_for_caller → send_message_with_backends_and_delivery_options_for_caller → send_resolved_manual_message_with_client → send_resolved_manual_message_with_client_and_nonce_rollout → deliver_manual_notification → post_text_attachment → .send_message
wrapper	A	handle_senddm	src/services/discord/outbound/send_api.rs	3	deliver_manual_dm_notification → post_text_attachment → .send_message
wrapper	A	maybe_create_bridge_separate_status_panel_response	src/services/discord/turn_bridge/single_message_footer.rs	1	.send_message
wrapper	A	migrate_separate_status_panel_to_footer	src/services/discord/turn_bridge/status_panel.rs	1	.edit_message
wrapper	A	note_footer_superseded	src/services/discord/footer_view_reconciler/mod.rs	2	edit_channel_message → .edit_message
wrapper	A	note_footer_suppressed_for_tui_mirror	src/services/discord/footer_view_reconciler/mod.rs	2	edit_channel_message → .edit_message
wrapper	A	note_queue_marker_removed_delivery	src/services/discord/turn_view_reconciler.rs	6	apply_reaction → try_add_reaction_raw_with_shared_detailed → try_reaction_raw_with_shared_detailed → try_reaction_raw_once_on_channel_detailed → apply_reaction_action_detailed → .create_reaction
wrapper	A	note_start_rolled_back_to_queued_delivery	src/services/discord/turn_view_reconciler.rs	7	apply_diff → apply_reaction → try_add_reaction_raw_with_shared_detailed → try_reaction_raw_with_shared_detailed → try_reaction_raw_once_on_channel_detailed → apply_reaction_action_detailed → .create_reaction
wrapper	A	note_state_delivery	src/services/discord/turn_view_reconciler/resolution.rs	9	note_state_delivery_with_attempt → note_state_delivery_with_clear_attempt_guard → apply_unknown_clear → apply_reaction → try_add_reaction_raw_with_shared_detailed → try_reaction_raw_with_shared_detailed → try_reaction_raw_once_on_channel_detailed → apply_reaction_action_detailed → .create_reaction
wrapper	A	note_state_delivery_with_attempt	src/services/discord/turn_view_reconciler/resolution.rs	8	note_state_delivery_with_clear_attempt_guard → apply_unknown_clear → apply_reaction → try_add_reaction_raw_with_shared_detailed → try_reaction_raw_with_shared_detailed → try_reaction_raw_once_on_channel_detailed → apply_reaction_action_detailed → .create_reaction
wrapper	A	note_state_delivery_with_clear_attempt_guard	src/services/discord/turn_view_reconciler/resolution.rs	7	apply_unknown_clear → apply_reaction → try_add_reaction_raw_with_shared_detailed → try_reaction_raw_with_shared_detailed → try_reaction_raw_once_on_channel_detailed → apply_reaction_action_detailed → .create_reaction
wrapper	A	note_tui_anchor_completed_delivery	src/services/discord/turn_view_reconciler/api.rs	11	note_tui_anchor_delivery → note_state_delivery → note_state_delivery_with_attempt → note_state_delivery_with_clear_attempt_guard → apply_unknown_clear → apply_reaction → try_add_reaction_raw_with_shared_detailed → try_reaction_raw_with_shared_detailed → try_reaction_raw_once_on_channel_detailed → apply_reaction_action_detailed → .create_reaction
wrapper	A	note_tui_anchor_delivery	src/services/discord/turn_view_reconciler/api.rs	10	note_state_delivery → note_state_delivery_with_attempt → note_state_delivery_with_clear_attempt_guard → apply_unknown_clear → apply_reaction → try_add_reaction_raw_with_shared_detailed → try_reaction_raw_with_shared_detailed → try_reaction_raw_once_on_channel_detailed → apply_reaction_action_detailed → .create_reaction
wrapper	A	note_tui_anchor_failed_delivery	src/services/discord/turn_view_reconciler/api.rs	11	note_tui_anchor_delivery → note_state_delivery → note_state_delivery_with_attempt → note_state_delivery_with_clear_attempt_guard → apply_unknown_clear → apply_reaction → try_add_reaction_raw_with_shared_detailed → try_reaction_raw_with_shared_detailed → try_reaction_raw_once_on_channel_detailed → apply_reaction_action_detailed → .create_reaction
wrapper	A	note_turn_completed_footer	src/services/discord/footer_view_reconciler/mod.rs	2	edit_channel_message → .edit_message
wrapper	A	note_untracked_reaction	src/services/discord/turn_view_reconciler.rs	6	apply_reaction → try_add_reaction_raw_with_shared_detailed → try_reaction_raw_with_shared_detailed → try_reaction_raw_once_on_channel_detailed → apply_reaction_action_detailed → .create_reaction
wrapper	A	note_untracked_reaction_added	src/services/discord/turn_view_reconciler.rs	7	note_untracked_reaction → apply_reaction → try_add_reaction_raw_with_shared_detailed → try_reaction_raw_with_shared_detailed → try_reaction_raw_once_on_channel_detailed → apply_reaction_action_detailed → .create_reaction
wrapper	A	notify_blocked_intake	src/services/discord/router/intake_dispatch/notice.rs	2	send_channel_message → .send_message
wrapper	A	notify_dispatch	src/services/dispatches/outbox_queue.rs	11	send_dispatch_to_discord_with_pg_result → send_dispatch_with_delivery_guard → send_dispatch_within_deadline → send_dispatch → send_dispatch_to_discord_inner_with_context_pg → post_dispatch_message_to_channel_with_delivery → deliver_outbound → deliver_outbound_with_overrides → deliver_single → send_content → .edit_message
wrapper	A	notify_pending_reaction_failure	src/services/discord/router/intake_gate/queue_effects.rs	9	notify_pending_reaction_failure_http → ensure_queue_reaction_or_fallback_http → send_reaction_control_reply_http → send_referenced_lifecycle_notice → deliver_outbound → deliver_outbound_with_overrides → deliver_single → send_content → .edit_message
wrapper	A	notify_pending_reaction_failure_http	src/services/discord/router/intake_gate/queue_effects.rs	8	ensure_queue_reaction_or_fallback_http → send_reaction_control_reply_http → send_referenced_lifecycle_notice → deliver_outbound → deliver_outbound_with_overrides → deliver_single → send_content → .edit_message
wrapper	A	notify_source_agent	src/services/discord/discord_io.rs	6	deliver_channel_message → deliver_outbound → deliver_outbound_with_overrides → deliver_single → send_content → .edit_message
wrapper	A	notify_voice_alert	src/services/discord/commands/voice/alert.rs	2	post_raw_message_once → REST:channels/{channel_id}/messages
wrapper	A	persist_stream_tick_state_with_candidate_cleanup	src/services/discord/turn_bridge/stream_tick/guarded_persist.rs	4	persist_stream_tick_state_with_candidate_cleanup_mode → discard_pending_current_message_candidate → cleanup_unbound_bridge_anchor → .delete_message
wrapper	A	persist_stream_tick_state_with_candidate_cleanup_mode	src/services/discord/turn_bridge/stream_tick/guarded_persist.rs	3	discard_pending_current_message_candidate → cleanup_unbound_bridge_anchor → .delete_message
wrapper	A	post_card	src/services/discord/task_notification_delivery/gateway.rs	6	send_outbound_message_with_nonce_classified → deliver_outbound → deliver_outbound_with_overrides → deliver_single → send_content → .edit_message
wrapper	A	post_chunk	src/services/discord/task_notification_delivery/response_chunks.rs	2	send_channel_message_with_nonce → .send_message
wrapper	A	post_dispatch_completion_summary	src/services/dispatches/outbox_route.rs	5	deliver_outbound → deliver_outbound_with_overrides → deliver_single → send_content → .edit_message
wrapper	A	post_dispatch_message_to_channel_with_delivery	src/services/dispatches/discord_delivery/transport.rs	5	deliver_outbound → deliver_outbound_with_overrides → deliver_single → send_content → .edit_message
wrapper	A	post_idle_recap	src/server/routes/idle_recap.rs	4	run_idle_recap_post_job → delete_previous_card → delete_channel_message → .delete_message
wrapper	A	post_message	src/services/discord/gateway.rs,src/services/discord/meeting_orchestrator/selection_runtime.rs,src/services/discord/monitoring_status.rs,src/services/discord/outbound/manual_delivery.rs,src/services/discord/outbound/serenity_reference.rs,src/services/discord/outbound/transport.rs	1	.send_message
wrapper	A	post_message_with_nonce	src/services/discord/gateway.rs,src/services/discord/outbound/manual_delivery.rs,src/services/discord/outbound/transport.rs	1	.send_message
wrapper	A	post_message_with_reference	src/services/discord/gateway.rs,src/services/discord/outbound/serenity_reference.rs,src/services/discord/outbound/transport.rs	1	.send_message
wrapper	A	post_message_with_reference_and_nonce	src/services/discord/gateway.rs,src/services/discord/outbound/serenity_reference.rs,src/services/discord/outbound/transport.rs	2	post_message_with_reference → .send_message
wrapper	A	post_raw_message_once	src/services/dispatches/discord_delivery/transport.rs	1	REST:channels/{channel_id}/messages
wrapper	A	post_recap_card	src/services/discord/idle_recap/card.rs	2	edit_channel_message_with_components → .edit_message
wrapper	A	post_send_finalize	src/services/discord/outbound/turn_output_controller/transport.rs	1	.delete_message
wrapper	A	post_serenity_message_with_nonce	src/services/discord/outbound/transport.rs	1	.send_message
wrapper	A	post_suppressed_injection_note	src/services/discord/tui_prompt_relay/synthetic_start_wiring.rs	1	.say
wrapper	A	post_text_attachment	src/services/discord/outbound/manual_delivery.rs	1	.send_message
wrapper	A	post_voice_playback_failure_notice	src/services/discord/voice_barge_in/final_result_playback.rs	2	send_channel_message → .send_message
wrapper	A	reanchor_bridge_two_message_status_panel_below_answer	src/services/discord/turn_bridge/two_message_panel.rs	1	.delete_message
wrapper	A	reanchor_watcher_two_message_status_panel_below_answer	src/services/discord/tmux_watcher/two_message_panel.rs	2	send_channel_message → .send_message
wrapper	A	reclaim_orphan_external_input_placeholder	src/services/discord/tmux_watcher/placeholder_reclaim.rs	3	delete_nonterminal_placeholder → delete_placeholder_with_operation → .delete_message
wrapper	A	reconcile_already_committed_after_edit_failure	src/services/discord/tmux_watcher/committed_placeholder_cleanup.rs	4	delete_terminal_placeholder_unless_delivered → delete_placeholder_unless_delivered → delete_placeholder_with_operation → .delete_message
wrapper	A	reconcile_orphan_suppressed_placeholder_for_restored_watcher	src/services/discord/tmux.rs	4	apply_placeholder_suppression → delete_nonterminal_placeholder → delete_placeholder_with_operation → .delete_message
wrapper	A	recover_committed_anchor_repost	src/services/discord/recovery_paths/restart.rs	7	try_recover_anchor_repost → relay_recovered_terminal_text_to_placeholder → relay_no_anchor_terminal_text → send_long_message_raw_with_reference_returning_message_ids → send_channel_message_with_optional_reference → send_channel_message → .send_message
wrapper	A	recover_two_message_panel	src/services/discord/recovery_engine/two_message_panel.rs	4	recover_two_message_panel_with_gateway → delete_panel → delete_channel_message → .delete_message
wrapper	A	recover_two_message_panel_with_gateway	src/services/discord/recovery_engine/two_message_panel.rs	3	delete_panel → delete_channel_message → .delete_message
wrapper	A	refresh_bridge_footer	src/services/discord/turn_bridge/single_message_footer.rs	3	note_background_refresh_due → edit_channel_message → .edit_message
wrapper	A	refresh_watcher_completion_footer_if_due	src/services/discord/tmux_watcher/single_message_footer.rs	4	refresh_watcher_registered_completion_footer → note_background_refresh_due → edit_channel_message → .edit_message
wrapper	A	refresh_watcher_registered_completion_footer	src/services/discord/tmux_watcher/single_message_footer.rs	3	note_background_refresh_due → edit_channel_message → .edit_message
wrapper	A	relay_captured_recovery_terminal_notice	src/services/discord/recovery_engine/completion_delivery.rs	8	relay_captured_recovery_terminal_notice_with_gateway → relay_recovery_terminal_notice_with_capture → relay_recovered_terminal_text_to_placeholder → relay_no_anchor_terminal_text → send_long_message_raw_with_reference_returning_message_ids → send_channel_message_with_optional_reference → send_channel_message → .send_message
wrapper	A	relay_captured_recovery_terminal_notice_with_gateway	src/services/discord/recovery_engine/completion_delivery.rs	7	relay_recovery_terminal_notice_with_capture → relay_recovered_terminal_text_to_placeholder → relay_no_anchor_terminal_text → send_long_message_raw_with_reference_returning_message_ids → send_channel_message_with_optional_reference → send_channel_message → .send_message
wrapper	A	relay_no_anchor_terminal_text	src/services/discord/recovery_engine/terminal_text_idempotency.rs	4	send_long_message_raw_with_reference_returning_message_ids → send_channel_message_with_optional_reference → send_channel_message → .send_message
wrapper	A	relay_observed_prompt	src/services/discord/tui_prompt_relay.rs	1	.say
wrapper	A	relay_recovered_terminal_text_to_placeholder	src/services/discord/recovery_engine/completion_delivery.rs	5	relay_no_anchor_terminal_text → send_long_message_raw_with_reference_returning_message_ids → send_channel_message_with_optional_reference → send_channel_message → .send_message
wrapper	A	relay_recovery_handler	src/server/routes/health_api.rs	7	handle_relay_recovery → run_relay_recovery → run_relay_recovery_at → apply_relay_recovery_plan → apply_relay_recovery_plan_with_seams → queue_or_resume_open_alert_with_enqueue → .pin
wrapper	A	relay_recovery_terminal_notice	src/services/discord/recovery_engine/completion_delivery.rs	7	relay_recovery_terminal_notice_with_capture → relay_recovered_terminal_text_to_placeholder → relay_no_anchor_terminal_text → send_long_message_raw_with_reference_returning_message_ids → send_channel_message_with_optional_reference → send_channel_message → .send_message
wrapper	A	relay_recovery_terminal_notice_with_capture	src/services/discord/recovery_engine/completion_delivery.rs	6	relay_recovered_terminal_text_to_placeholder → relay_no_anchor_terminal_text → send_long_message_raw_with_reference_returning_message_ids → send_channel_message_with_optional_reference → send_channel_message → .send_message
wrapper	A	replace_anchored_terminal_text	src/services/discord/recovery_engine/terminal_text_idempotency.rs	5	replace_long_message_raw_with_outcome → replace_long_message_raw_with_outcome_returning_receipt → replace_long_message_raw_deferred_returning_receipt → send_channel_message → .send_message
wrapper	A	replace_confirmed_missing_card	src/services/discord/task_notification_delivery/mod.rs	8	deliver_card_post_claim → post_card → send_outbound_message_with_nonce_classified → deliver_outbound → deliver_outbound_with_overrides → deliver_single → send_content → .edit_message
wrapper	A	replace_long_message_raw	src/services/discord/formatting/replace_long_message.rs	5	replace_long_message_raw_with_outcome → replace_long_message_raw_with_outcome_returning_receipt → replace_long_message_raw_deferred_returning_receipt → send_channel_message → .send_message
wrapper	A	replace_long_message_raw_deferred	src/services/discord/formatting/replace_long_message.rs	3	replace_long_message_raw_deferred_returning_receipt → send_channel_message → .send_message
wrapper	A	replace_long_message_raw_deferred_returning_receipt	src/services/discord/formatting/replace_long_message.rs	2	send_channel_message → .send_message
wrapper	A	replace_long_message_raw_with_outcome	src/services/discord/formatting/replace_long_message.rs	4	replace_long_message_raw_with_outcome_returning_receipt → replace_long_message_raw_deferred_returning_receipt → send_channel_message → .send_message
wrapper	A	replace_long_message_raw_with_outcome_returning_receipt	src/services/discord/formatting/replace_long_message.rs	3	replace_long_message_raw_deferred_returning_receipt → send_channel_message → .send_message
wrapper	A	replace_message_deferred	src/services/discord/gateway.rs	4	replace_long_message_raw_deferred → replace_long_message_raw_deferred_returning_receipt → send_channel_message → .send_message
wrapper	A	replace_message_with_outcome	src/services/discord/gateway.rs,src/services/discord/tui_prompt_relay/bridge_gateway.rs	5	replace_long_message_raw_with_outcome → replace_long_message_raw_with_outcome_returning_receipt → replace_long_message_raw_deferred_returning_receipt → send_channel_message → .send_message
wrapper	A	retry_minimal_fallback	src/services/discord/outbound/delivery.rs	2	send_content → .edit_message
wrapper	A	reuse_any_queued_placeholder_for_channel	src/services/discord/router/intake_gate/queue_effects.rs	3	ensure_queued → edit_message_with_retry → .edit_message
wrapper	A	reuse_merged_queued_placeholder	src/services/discord/router/intake_gate/queue_effects.rs	3	ensure_queued → edit_message_with_retry → .edit_message
wrapper	A	router_with_send_backend	src/services/claude_tui/tui_relay.rs	9	handle_send → handle_send_with_caller → send_message_with_backends_and_delivery_id_for_caller → send_message_with_backends_and_delivery_options_for_caller → send_resolved_manual_message_with_client → send_resolved_manual_message_with_client_and_nonce_rollout → deliver_manual_notification → post_text_attachment → .send_message
wrapper	A	run_idle_recap_post_job	src/server/routes/idle_recap.rs	3	delete_previous_card → delete_channel_message → .delete_message
wrapper	A	run_placeholder_sweep_pass	src/services/discord/placeholder_sweeper.rs	2	sweep_orphan_status_panel → .delete_message
wrapper	A	run_relay_recovery	src/services/discord/relay_recovery.rs	5	run_relay_recovery_at → apply_relay_recovery_plan → apply_relay_recovery_plan_with_seams → queue_or_resume_open_alert_with_enqueue → .pin
wrapper	A	run_relay_recovery_at	src/services/discord/relay_recovery.rs	4	apply_relay_recovery_plan → apply_relay_recovery_plan_with_seams → queue_or_resume_open_alert_with_enqueue → .pin
wrapper	A	run_standby_relay	src/services/discord/standby_relay.rs	2	deliver_response → .delete_message
wrapper	A	run_startup_reclaim_sweep	src/services/discord/startup_reclaim.rs	2	reclaim_orphan_placeholders → .delete_message
wrapper	A	run_terminal_outcome_delivery	src/services/discord/turn_bridge/terminal_outcome_delivery.rs	2	edit_message → .edit_message
wrapper	A	run_terminal_relay_plan	src/services/discord/tmux_watcher/terminal_relay_plan.rs	3	delete_nonterminal_placeholder → delete_placeholder_with_operation → .delete_message
wrapper	A	send	src/cli/discord.rs,src/services/discord/turn_bridge/status_panel.rs	2	send_channel_message → .send_message
wrapper	A	send_agent_handoff	src/services/discord/agent_handoff.rs	8	send_message_with_backends → send_message_with_backends_and_delivery_id → send_message_with_backends_and_delivery_options_for_caller → send_resolved_manual_message_with_client → send_resolved_manual_message_with_client_and_nonce_rollout → deliver_manual_notification → post_text_attachment → .send_message
wrapper	A	send_channel_message	src/cli/discord.rs,src/server/routes/escalation.rs,src/services/discord/http.rs	1	.send_message
wrapper	A	send_channel_message_with_components	src/services/discord/http.rs	1	.send_message
wrapper	A	send_channel_message_with_nonce	src/services/discord/http.rs	1	.send_message
wrapper	A	send_channel_message_with_optional_reference	src/services/discord/formatting/delivery.rs	2	send_channel_message → .send_message
wrapper	A	send_channel_message_with_reference	src/services/discord/http.rs	1	.send_message
wrapper	A	send_channel_message_with_reference_and_nonce	src/services/discord/http.rs	1	.send_message
wrapper	A	send_channel_message_with_required_reference	src/services/discord/http.rs	2	send_channel_message_with_reference → .send_message
wrapper	A	send_channel_message_with_required_reference_and_nonce	src/services/discord/http.rs	2	send_channel_message_with_reference_and_nonce → .send_message
wrapper	A	send_codex_goal_lifecycle_notice	src/services/discord/router/message_handler/goal_lifecycle.rs	1	.say
wrapper	A	send_command_confirmation_message	src/services/discord/outbound/confirmation.rs	5	deliver_outbound → deliver_outbound_with_overrides → deliver_single → send_content → .edit_message
wrapper	A	send_content	src/services/discord/outbound/delivery.rs	1	.edit_message
wrapper	A	send_dispatch	src/services/dispatches/discord_delivery/orchestration.rs	7	send_dispatch_to_discord_inner_with_context_pg → post_dispatch_message_to_channel_with_delivery → deliver_outbound → deliver_outbound_with_overrides → deliver_single → send_content → .edit_message
wrapper	A	send_dispatch_to_discord_inner_with_context_pg	src/services/dispatches/discord_delivery/orchestration.rs	6	post_dispatch_message_to_channel_with_delivery → deliver_outbound → deliver_outbound_with_overrides → deliver_single → send_content → .edit_message
wrapper	A	send_dispatch_to_discord_with_pg_result	src/services/dispatches/discord_delivery/orchestration.rs	10	send_dispatch_with_delivery_guard → send_dispatch_within_deadline → send_dispatch → send_dispatch_to_discord_inner_with_context_pg → post_dispatch_message_to_channel_with_delivery → deliver_outbound → deliver_outbound_with_overrides → deliver_single → send_content → .edit_message
wrapper	A	send_dispatch_with_delivery_guard	src/services/dispatches/discord_delivery/guard.rs	9	send_dispatch_within_deadline → send_dispatch → send_dispatch_to_discord_inner_with_context_pg → post_dispatch_message_to_channel_with_delivery → deliver_outbound → deliver_outbound_with_overrides → deliver_single → send_content → .edit_message
wrapper	A	send_dispatch_within_deadline	src/services/dispatches/discord_delivery/guard.rs	8	send_dispatch → send_dispatch_to_discord_inner_with_context_pg → post_dispatch_message_to_channel_with_delivery → deliver_outbound → deliver_outbound_with_overrides → deliver_single → send_content → .edit_message
wrapper	A	send_ephemeral	src/services/discord/idle_recap_interaction.rs	1	.create_response
wrapper	A	send_file	src/cli/discord.rs	2	send_file_to_channel → .send_message
wrapper	A	send_file_to_channel	src/services/discord/discord_io.rs	1	.send_message
wrapper	A	send_handler	src/server/routes/health_api.rs	8	handle_send_with_caller → send_message_with_backends_and_delivery_id_for_caller → send_message_with_backends_and_delivery_options_for_caller → send_resolved_manual_message_with_client → send_resolved_manual_message_with_client_and_nonce_rollout → deliver_manual_notification → post_text_attachment → .send_message
wrapper	A	send_intake_placeholder	src/services/discord/gateway/outbound_messages.rs	5	deliver_outbound → deliver_outbound_with_overrides → deliver_single → send_content → .edit_message
wrapper	A	send_issue_announcement_message	src/services/issue_announcements.rs	1	.edit_message
wrapper	A	send_long_chunks_with_anchor_receipt	src/services/discord/session_relay_sink/journal.rs	2	send_long_message_with_rollback → .delete_message
wrapper	A	send_long_message_ctx	src/services/discord/formatting/delivery.rs	1	.say
wrapper	A	send_long_message_raw	src/services/discord/formatting/delivery.rs	5	send_long_message_raw_with_reference → send_long_message_raw_with_reference_returning_message_ids → send_channel_message_with_optional_reference → send_channel_message → .send_message
wrapper	A	send_long_message_raw_with_reference	src/services/discord/formatting/delivery.rs	4	send_long_message_raw_with_reference_returning_message_ids → send_channel_message_with_optional_reference → send_channel_message → .send_message
wrapper	A	send_long_message_raw_with_reference_returning_message_ids	src/services/discord/formatting/delivery.rs	3	send_channel_message_with_optional_reference → send_channel_message → .send_message
wrapper	A	send_long_message_raw_with_reference_rollback	src/services/discord/formatting/long_send_rollback.rs	4	send_long_message_raw_with_reference_rollback_policy → send_rollback_channel_message → send_channel_message → .send_message
wrapper	A	send_long_message_raw_with_reference_rollback_policy	src/services/discord/formatting/long_send_rollback.rs	3	send_rollback_channel_message → send_channel_message → .send_message
wrapper	A	send_long_message_raw_with_reference_rollback_returning_receipts	src/services/discord/formatting/long_send_rollback.rs	4	send_long_message_raw_with_reference_rollback_policy → send_rollback_channel_message → send_channel_message → .send_message
wrapper	A	send_long_message_raw_with_required_reference_rollback	src/services/discord/formatting/long_send_rollback.rs	4	send_long_message_raw_with_reference_rollback_policy → send_rollback_channel_message → send_channel_message → .send_message
wrapper	A	send_long_message_raw_with_rollback	src/services/discord/formatting/long_send_rollback.rs	5	send_long_message_raw_with_rollback_returning_receipts → send_long_message_raw_with_reference_rollback_policy → send_rollback_channel_message → send_channel_message → .send_message
wrapper	A	send_long_message_raw_with_rollback_returning_receipts	src/services/discord/formatting/long_send_rollback.rs	4	send_long_message_raw_with_reference_rollback_policy → send_rollback_channel_message → send_channel_message → .send_message
wrapper	A	send_long_message_with_rollback	src/services/discord/gateway.rs,src/services/discord/tui_prompt_relay/bridge_gateway.rs	1	.delete_message
wrapper	A	send_meeting_message	src/services/discord/meeting_orchestrator/selection_runtime.rs	6	deliver_meeting_message → deliver_outbound → deliver_outbound_with_overrides → deliver_single → send_content → .edit_message
wrapper	A	send_meeting_message_with_event	src/services/discord/meeting_orchestrator/selection_runtime.rs	6	deliver_meeting_message → deliver_outbound → deliver_outbound_with_overrides → deliver_single → send_content → .edit_message
wrapper	A	send_message	src/services/discord/gateway.rs,src/services/discord/tui_prompt_relay/bridge_gateway.rs	6	send_outbound_message → deliver_outbound → deliver_outbound_with_overrides → deliver_single → send_content → .edit_message
wrapper	A	send_message_to_channel	src/services/discord/discord_io.rs	6	deliver_channel_message → deliver_outbound → deliver_outbound_with_overrides → deliver_single → send_content → .edit_message
wrapper	A	send_message_to_user	src/services/discord/discord_io.rs	6	deliver_channel_message → deliver_outbound → deliver_outbound_with_overrides → deliver_single → send_content → .edit_message
wrapper	A	send_message_with_backends	src/services/discord/outbound/send_gate.rs	7	send_message_with_backends_and_delivery_id → send_message_with_backends_and_delivery_options_for_caller → send_resolved_manual_message_with_client → send_resolved_manual_message_with_client_and_nonce_rollout → deliver_manual_notification → post_text_attachment → .send_message
wrapper	A	send_message_with_backends_and_delivery_id	src/services/discord/outbound/send_gate.rs	6	send_message_with_backends_and_delivery_options_for_caller → send_resolved_manual_message_with_client → send_resolved_manual_message_with_client_and_nonce_rollout → deliver_manual_notification → post_text_attachment → .send_message
wrapper	A	send_message_with_backends_and_delivery_id_for_caller	src/services/discord/outbound/send_gate.rs	6	send_message_with_backends_and_delivery_options_for_caller → send_resolved_manual_message_with_client → send_resolved_manual_message_with_client_and_nonce_rollout → deliver_manual_notification → post_text_attachment → .send_message
wrapper	A	send_message_with_backends_and_delivery_options	src/services/discord/outbound/send_gate.rs	6	send_message_with_backends_and_delivery_options_for_caller → send_resolved_manual_message_with_client → send_resolved_manual_message_with_client_and_nonce_rollout → deliver_manual_notification → post_text_attachment → .send_message
wrapper	A	send_message_with_backends_and_delivery_options_for_caller	src/services/discord/outbound/send_gate.rs	5	send_resolved_manual_message_with_client → send_resolved_manual_message_with_client_and_nonce_rollout → deliver_manual_notification → post_text_attachment → .send_message
wrapper	A	send_model_picker_card	src/services/discord/commands/model_picker.rs	1	.send_message
wrapper	A	send_or_edit_run_log	src/services/routines/discord_log.rs	5	deliver_outbound → deliver_outbound_with_overrides → deliver_single → send_content → .edit_message
wrapper	A	send_ordered_long_terminal_chunks	src/services/discord/turn_bridge/terminal_delivery.rs	1	.delete_message
wrapper	A	send_ordered_long_terminal_response	src/services/discord/turn_bridge/terminal_delivery.rs	2	send_ordered_long_terminal_chunks → .delete_message
wrapper	A	send_outbound_message	src/services/discord/gateway/outbound_messages.rs	5	deliver_outbound → deliver_outbound_with_overrides → deliver_single → send_content → .edit_message
wrapper	A	send_outbound_message_with_nonce_classified	src/services/discord/gateway/outbound_messages.rs	5	deliver_outbound → deliver_outbound_with_overrides → deliver_single → send_content → .edit_message
wrapper	A	send_panel	src/services/discord/recovery_engine/two_message_panel.rs	2	send_channel_message → .send_message
wrapper	A	send_plain_response_chunks	src/services/discord/session_relay_sink/task_notification_context.rs	4	send_long_message_raw_with_reference_returning_message_ids → send_channel_message_with_optional_reference → send_channel_message → .send_message
wrapper	A	send_pre_admission_notice	src/services/discord/router/message_handler/pre_admission_control.rs	1	.say
wrapper	A	send_reaction_control_reply	src/services/discord/outbound/reaction_control.rs	7	send_reaction_control_reply_http → send_referenced_lifecycle_notice → deliver_outbound → deliver_outbound_with_overrides → deliver_single → send_content → .edit_message
wrapper	A	send_reaction_control_reply_http	src/services/discord/outbound/reaction_control.rs	6	send_referenced_lifecycle_notice → deliver_outbound → deliver_outbound_with_overrides → deliver_single → send_content → .edit_message
wrapper	A	send_referenced_lifecycle_notice	src/services/discord/outbound/serenity_reference.rs	5	deliver_outbound → deliver_outbound_with_overrides → deliver_single → send_content → .edit_message
wrapper	A	send_report	src/services/discord/restart_report.rs	6	send_outbound_message_with_nonce_classified → deliver_outbound → deliver_outbound_with_overrides → deliver_single → send_content → .edit_message
wrapper	A	send_resolved_manual_message_with_client	src/services/discord/outbound/manual_delivery.rs	4	send_resolved_manual_message_with_client_and_nonce_rollout → deliver_manual_notification → post_text_attachment → .send_message
wrapper	A	send_resolved_manual_message_with_client_and_nonce_rollout	src/services/discord/outbound/manual_delivery.rs	3	deliver_manual_notification → post_text_attachment → .send_message
wrapper	A	send_review_followup	src/services/dispatches/discord_delivery/orchestration.rs	6	send_review_result_message_via_http → deliver_outbound → deliver_outbound_with_overrides → deliver_single → send_content → .edit_message
wrapper	A	send_review_result_message_via_http	src/services/dispatches/discord_delivery/orchestration.rs	5	deliver_outbound → deliver_outbound_with_overrides → deliver_single → send_content → .edit_message
wrapper	A	send_review_result_to_primary_with_context_and_transport	src/services/dispatches/discord_delivery/orchestration.rs	7	send_review_followup → send_review_result_message_via_http → deliver_outbound → deliver_outbound_with_overrides → deliver_single → send_content → .edit_message
wrapper	A	send_review_result_to_primary_with_transport	src/services/dispatches/discord_delivery/orchestration.rs	8	send_review_result_to_primary_with_context_and_transport → send_review_followup → send_review_result_message_via_http → deliver_outbound → deliver_outbound_with_overrides → deliver_single → send_content → .edit_message
wrapper	A	send_rollback_channel_message	src/services/discord/formatting/long_send_rollback.rs	2	send_channel_message → .send_message
wrapper	A	send_single_message_returning_receipt	src/services/discord/formatting/delivery.rs	3	send_channel_message_with_optional_reference → send_channel_message → .send_message
wrapper	A	send_status_panel_v2_completion_fallback	src/services/discord/turn_bridge/status_panel/fallback.rs	1	.send_message
wrapper	A	send_status_panel_v2_completion_fallback_http	src/services/discord/turn_bridge/status_panel/fallback.rs	2	send_channel_message → .send_message
wrapper	A	send_task_response_chunks	src/services/discord/task_notification_delivery/response_chunks.rs	3	post_chunk → send_channel_message_with_nonce → .send_message
wrapper	A	send_task_response_chunks_with_card_repair	src/services/discord/task_notification_delivery/response_chunks.rs	4	send_task_response_chunks → post_chunk → send_channel_message_with_nonce → .send_message
wrapper	A	send_to_agent_handler	src/server/routes/health_api.rs	9	handle_send_to_agent → send_message_with_backends → send_message_with_backends_and_delivery_id → send_message_with_backends_and_delivery_options_for_caller → send_resolved_manual_message_with_client → send_resolved_manual_message_with_client_and_nonce_rollout → deliver_manual_notification → post_text_attachment → .send_message
wrapper	A	send_user_message	src/cli/discord.rs	7	send_message_to_user → deliver_channel_message → deliver_outbound → deliver_outbound_with_overrides → deliver_single → send_content → .edit_message
wrapper	A	shared_reaction_applier	src/services/discord/tui_direct_abort_marker/mod.rs	12	note_tui_anchor_completed_delivery → note_tui_anchor_delivery → note_state_delivery → note_state_delivery_with_attempt → note_state_delivery_with_clear_attempt_guard → apply_unknown_clear → apply_reaction → try_add_reaction_raw_with_shared_detailed → try_reaction_raw_with_shared_detailed → try_reaction_raw_once_on_channel_detailed → apply_reaction_action_detailed → .create_reaction
wrapper	A	spawn_placeholder_sweeper	src/services/discord/placeholder_sweeper.rs	2	drain → .delete_message
wrapper	A	spawn_startup_reclaim_sweep	src/services/discord/startup_reclaim.rs	4	run_delayed_reclaim_pass → run_startup_reclaim_sweep → reclaim_orphan_placeholders → .delete_message
wrapper	A	spawn_tui_prompt_relay	src/services/discord/tui_prompt_relay.rs	2	relay_observed_prompt → .say
wrapper	A	spawn_watcher_orphan_spinner_cleanup_retry	src/services/discord/turn_bridge/watcher_orphan_cleanup.rs	1	.delete_message
wrapper	A	supersede_bridge_footer	src/services/discord/turn_bridge/single_message_footer.rs	3	note_footer_superseded → edit_channel_message → .edit_message
wrapper	A	supersede_watcher_footer	src/services/discord/tmux_watcher/single_message_footer.rs	3	note_footer_superseded → edit_channel_message → .edit_message
wrapper	A	sweep_expired	src/services/discord/tui_direct_abort_marker/sweep.rs	13	shared_reaction_applier → note_tui_anchor_completed_delivery → note_tui_anchor_delivery → note_state_delivery → note_state_delivery_with_attempt → note_state_delivery_with_clear_attempt_guard → apply_unknown_clear → apply_reaction → try_add_reaction_raw_with_shared_detailed → try_reaction_raw_with_shared_detailed → try_reaction_raw_once_on_channel_detailed → apply_reaction_action_detailed → .create_reaction
wrapper	A	sweep_orphan_status_panel	src/services/discord/placeholder_sweeper.rs	1	.delete_message
wrapper	A	sweep_terminal_ui_obligations	src/services/discord/terminal_ui_obligation.rs	3	reconcile_terminal_ui_obligation → edit_channel_message → .edit_message
wrapper	A	sync_dispatch_status_reaction_with_pg	src/services/dispatches/discord_delivery/orchestration.rs	3	apply_dispatch_status_reaction_state → update_dispatch_reaction_presence → REST:channels/{}/messages
wrapper	A	sync_status_reaction	src/services/dispatches/outbox_queue.rs	4	sync_dispatch_status_reaction_with_pg → apply_dispatch_status_reaction_state → update_dispatch_reaction_presence → REST:channels/{}/messages
wrapper	A	teardown_delete	src/services/discord/placeholder_controller/queued_card_gate.rs	2	delete_channel_message → .delete_message
wrapper	A	teardown_exit_body	src/services/discord/placeholder_controller/queued_card_gate.rs	2	delete_channel_message → .delete_message
wrapper	A	try_add_reaction_raw_with_shared_detailed	src/services/discord/reaction_lifecycle.rs	4	try_reaction_raw_with_shared_detailed → try_reaction_raw_once_on_channel_detailed → apply_reaction_action_detailed → .create_reaction
wrapper	A	try_handle_pending_dm_reply	src/services/discord/discord_io.rs	7	notify_source_agent → deliver_channel_message → deliver_outbound → deliver_outbound_with_overrides → deliver_single → send_content → .edit_message
wrapper	A	try_handle_voice_channel_text_reply	src/services/discord/voice_barge_in/runtime_lifecycle.rs	1	.say
wrapper	A	try_reaction_raw_on_channel_detailed	src/services/discord/reaction_lifecycle.rs	3	try_reaction_raw_once_on_channel_detailed → apply_reaction_action_detailed → .create_reaction
wrapper	A	try_reaction_raw_once_on_channel_detailed	src/services/discord/reaction_lifecycle.rs	2	apply_reaction_action_detailed → .create_reaction
wrapper	A	try_reaction_raw_with_shared_detailed	src/services/discord/reaction_lifecycle.rs	3	try_reaction_raw_once_on_channel_detailed → apply_reaction_action_detailed → .create_reaction
wrapper	A	try_recover_anchor_repost	src/services/discord/recovery_paths/restart.rs	6	relay_recovered_terminal_text_to_placeholder → relay_no_anchor_terminal_text → send_long_message_raw_with_reference_returning_message_ids → send_channel_message_with_optional_reference → send_channel_message → .send_message
wrapper	A	try_remove_reaction_raw_with_shared_detailed	src/services/discord/reaction_lifecycle.rs	4	try_reaction_raw_with_shared_detailed → try_reaction_raw_once_on_channel_detailed → apply_reaction_action_detailed → .create_reaction
wrapper	A	update_dispatch_reaction_presence	src/services/dispatches/discord_delivery/orchestration.rs	1	REST:channels/{}/messages
wrapper	A	update_existing_panel	src/services/discord/tmux_watcher/streaming_status_tick/existing_panel_update.rs	2	edit_channel_message → .edit_message
wrapper	B	admit_codex_terminal_range_in_root	src/services/discord/inflight/save_store/identity_gate/runtime_stamp.rs	4	persist_terminal_range → persist_under_lock_with_snapshot → persist_under_lock_inner → atomic_write
wrapper	B	admit_codex_tui_terminal_frame	src/services/discord/inflight/save_store/identity_gate/runtime_stamp.rs	5	admit_codex_terminal_range_in_root → persist_terminal_range → persist_under_lock_with_snapshot → persist_under_lock_inner → atomic_write
wrapper	B	admit_tui_terminal_frame	src/services/discord/inflight/save_store/identity_gate/runtime_stamp.rs	4	persist_terminal_range → persist_under_lock_with_snapshot → persist_under_lock_inner → atomic_write
wrapper	B	adopt_and_lock_inflight_episode	src/services/discord/inflight/episode_guard.rs	2	lock_and_save_existing_inflight_rebind_adoption_impl_in_root → atomic_write
wrapper	B	adopt_coordinates	src/services/discord/recovery_engine/manual_rebind/coordinate_adoption.rs	3	adopt_and_lock_inflight_episode → lock_and_save_existing_inflight_rebind_adoption_impl_in_root → atomic_write
wrapper	B	archive_inflight_state_if_matches_identity_generation	src/services/discord/inflight/clear_store/mod.rs	2	archive_inflight_state_if_matches_identity_generation_in_root → rename
wrapper	B	archive_inflight_state_if_matches_identity_generation_in_root	src/services/discord/inflight/clear_store/mod.rs	1	rename
wrapper	B	backfill_finalizer_turn_id_under_lock	src/services/discord/inflight/finalizer_identity.rs	3	persist_under_lock → persist_under_lock_inner → atomic_write
wrapper	B	bind_after_actor_check	src/services/discord/recovery_engine/terminal_text_idempotency.rs	4	record_successful_fresh_send_with_snapshot → bind_recovery_anchor_for_snapshot → bind_recovery_anchor_if_matches_snapshot → atomic_write
wrapper	B	bind_recovery_anchor_for_snapshot	src/services/discord/inflight/save_store/identity_gate.rs	2	bind_recovery_anchor_if_matches_snapshot → atomic_write
wrapper	B	bind_recovery_anchor_if_matches_identity	src/services/discord/inflight/save_store/identity_gate.rs	2	bind_recovery_anchor_if_matches_snapshot → atomic_write
wrapper	B	bind_recovery_anchor_if_matches_snapshot	src/services/discord/inflight/save_store/identity_gate.rs	1	atomic_write
wrapper	B	bind_status_panel	src/services/discord/inflight/ownership_ops.rs	4	bind_status_panel_in_root → persist_under_lock → persist_under_lock_inner → atomic_write
wrapper	B	bind_status_panel_in_root	src/services/discord/inflight/ownership_ops.rs	3	persist_under_lock → persist_under_lock_inner → atomic_write
wrapper	B	bind_synthetic_anchor_under_guard	src/services/discord/inflight/episode_guard.rs	3	persist_under_lock_with_snapshot → persist_under_lock_inner → atomic_write
wrapper	B	bump_anchor_repost_attempts_if_matches_identity	src/services/discord/inflight/anchor_repost.rs	3	bump_anchor_repost_attempts_if_matches_identity_in_root → mutate_matching_row_in_root → atomic_write
wrapper	B	bump_anchor_repost_attempts_if_matches_identity_in_root	src/services/discord/inflight/anchor_repost.rs	2	mutate_matching_row_in_root → atomic_write
wrapper	B	bump_recovery_relay_attempts_if_matches_identity	src/services/discord/inflight/budget.rs	2	bump_recovery_relay_attempts_if_matches_identity_in_root → atomic_write
wrapper	B	bump_recovery_relay_attempts_if_matches_identity_in_root	src/services/discord/inflight/budget.rs	1	atomic_write
wrapper	B	cleanup_orphan_external_input_status_panel	src/services/discord/tmux_watcher/orphan_status_panel_cleanup.rs	5	clear_status_panel_if_current → clear_status_panel_if_current_in_root → persist_under_lock → persist_under_lock_inner → atomic_write
wrapper	B	cleanup_retry_inflight_blocks_idle_kickoff	src/services/discord/mod.rs	5	load_inflight_state → backfill_finalizer_turn_id_under_lock → persist_under_lock → persist_under_lock_inner → atomic_write
wrapper	B	cleanup_routing_orphaned_inflight	src/services/discord/recovery_engine/routing_orphan.rs	3	dispose_recovery_relay_outcome → clear_inflight_state → remove_file
wrapper	B	clear_current_msg_if_matches	src/services/discord/inflight/ownership_ops.rs	4	clear_current_msg_if_matches_in_root → persist_under_lock → persist_under_lock_inner → atomic_write
wrapper	B	clear_current_msg_if_matches_in_root	src/services/discord/inflight/ownership_ops.rs	3	persist_under_lock → persist_under_lock_inner → atomic_write
wrapper	B	clear_idle_tmux_reattach_inflight_if_pinned	src/services/discord/relay_recovery/idle_tmux.rs	4	clear_inflight_state_if_matches_identity_generation → clear_inflight_state_if_matches_identity_generation_in_root → clear_inflight_state_if_matches_identity_generation_and_episode_in_root → remove_file
wrapper	B	clear_idle_tmux_stale_turn	src/services/discord/health/recovery.rs	5	clear_idle_tmux_stale_turn_inflight_if_pinned → clear_inflight_state_if_matches_identity_generation → clear_inflight_state_if_matches_identity_generation_in_root → clear_inflight_state_if_matches_identity_generation_and_episode_in_root → remove_file
wrapper	B	clear_idle_tmux_stale_turn_inflight_if_pinned	src/services/discord/health/recovery.rs	4	clear_inflight_state_if_matches_identity_generation → clear_inflight_state_if_matches_identity_generation_in_root → clear_inflight_state_if_matches_identity_generation_and_episode_in_root → remove_file
wrapper	B	clear_inflight_by_channel	src/services/turn_lifecycle.rs	2	clear_inflight_state → remove_file
wrapper	B	clear_inflight_by_tmux_name	src/services/discord/inflight.rs,src/services/discord/mod.rs,src/services/turn_lifecycle.rs	1	remove_file
wrapper	B	clear_inflight_state	src/services/discord/inflight/clear_store/mod.rs	1	remove_file
wrapper	B	clear_inflight_state_for_captured_episode	src/services/discord/inflight/clear_store/identity.rs	3	clear_inflight_state_if_matches_identity_turn_nonce_impl_in_root → remove_identity_matched_state → remove_file
wrapper	B	clear_inflight_state_for_channel	src/services/discord/mod.rs	2	clear_inflight_state → remove_file
wrapper	B	clear_inflight_state_for_reconcile	src/services/discord/inflight/clear_store/reconcile_gate.rs	6	clear_inflight_state_for_reconcile_with_allocation_in_root → clear_inflight_state_for_reconcile_in_root → clear_inflight_state_if_matches_identity_turn_nonce_for_reconcile_in_root → clear_inflight_state_if_matches_identity_turn_nonce_impl_in_root → remove_identity_matched_state → remove_file
wrapper	B	clear_inflight_state_for_reconcile_in_root	src/services/discord/inflight/clear_store/reconcile_gate.rs	4	clear_inflight_state_if_matches_identity_turn_nonce_for_reconcile_in_root → clear_inflight_state_if_matches_identity_turn_nonce_impl_in_root → remove_identity_matched_state → remove_file
wrapper	B	clear_inflight_state_for_reconcile_with_allocation_in_root	src/services/discord/inflight/clear_store/reconcile_gate.rs	5	clear_inflight_state_for_reconcile_in_root → clear_inflight_state_if_matches_identity_turn_nonce_for_reconcile_in_root → clear_inflight_state_if_matches_identity_turn_nonce_impl_in_root → remove_identity_matched_state → remove_file
wrapper	B	clear_inflight_state_for_snapshot	src/services/discord/inflight/clear_store/mod.rs	2	clear_inflight_state_if_matches_identity_generation_and_episode_in_root → remove_file
wrapper	B	clear_inflight_state_if_matches	src/services/discord/inflight/clear_store/mod.rs	2	clear_inflight_state_if_matches_in_root → remove_file
wrapper	B	clear_inflight_state_if_matches_identity	src/services/discord/inflight/clear_store/mod.rs	4	clear_inflight_state_if_matches_identity_returning_row → clear_inflight_state_if_matches_identity_returning_row_in_root → remove_identity_matched_state → remove_file
wrapper	B	clear_inflight_state_if_matches_identity_after_delivery	src/services/discord/inflight/clear_store/mod.rs	2	clear_inflight_state_if_matches_identity_after_delivery_in_root → atomic_write
wrapper	B	clear_inflight_state_if_matches_identity_after_delivery_in_root	src/services/discord/inflight/clear_store/mod.rs	1	atomic_write
wrapper	B	clear_inflight_state_if_matches_identity_generation	src/services/discord/inflight/clear_store/mod.rs	3	clear_inflight_state_if_matches_identity_generation_in_root → clear_inflight_state_if_matches_identity_generation_and_episode_in_root → remove_file
wrapper	B	clear_inflight_state_if_matches_identity_generation_and_episode_in_root	src/services/discord/inflight/clear_store/mod.rs	1	remove_file
wrapper	B	clear_inflight_state_if_matches_identity_generation_in_root	src/services/discord/inflight/clear_store/mod.rs	2	clear_inflight_state_if_matches_identity_generation_and_episode_in_root → remove_file
wrapper	B	clear_inflight_state_if_matches_identity_in_root	src/services/discord/inflight/clear_store/identity.rs	4	clear_inflight_state_if_matches_identity_turn_nonce_in_root → clear_inflight_state_if_matches_identity_turn_nonce_impl_in_root → remove_identity_matched_state → remove_file
wrapper	B	clear_inflight_state_if_matches_identity_returning_row	src/services/discord/inflight/clear_store/mod.rs	3	clear_inflight_state_if_matches_identity_returning_row_in_root → remove_identity_matched_state → remove_file
wrapper	B	clear_inflight_state_if_matches_identity_returning_row_in_root	src/services/discord/inflight/clear_store/identity.rs	2	remove_identity_matched_state → remove_file
wrapper	B	clear_inflight_state_if_matches_identity_turn_nonce	src/services/discord/inflight/clear_store/mod.rs	4	clear_inflight_state_if_matches_identity_turn_nonce_in_root → clear_inflight_state_if_matches_identity_turn_nonce_impl_in_root → remove_identity_matched_state → remove_file
wrapper	B	clear_inflight_state_if_matches_identity_turn_nonce_for_reconcile_in_root	src/services/discord/inflight/clear_store/identity.rs	3	clear_inflight_state_if_matches_identity_turn_nonce_impl_in_root → remove_identity_matched_state → remove_file
wrapper	B	clear_inflight_state_if_matches_identity_turn_nonce_impl_in_root	src/services/discord/inflight/clear_store/identity.rs	2	remove_identity_matched_state → remove_file
wrapper	B	clear_inflight_state_if_matches_identity_turn_nonce_in_root	src/services/discord/inflight/clear_store/identity.rs	3	clear_inflight_state_if_matches_identity_turn_nonce_impl_in_root → remove_identity_matched_state → remove_file
wrapper	B	clear_inflight_state_if_matches_in_root	src/services/discord/inflight/clear_store/mod.rs	1	remove_file
wrapper	B	clear_inflight_state_if_matches_tmux_response_in_root	src/services/discord/inflight/clear_store/mod.rs	1	remove_file
wrapper	B	clear_inflight_state_if_matches_zero_owned	src/services/discord/inflight/clear_store/mod.rs	2	clear_inflight_state_if_matches_zero_owned_in_root → remove_file
wrapper	B	clear_inflight_state_if_matches_zero_owned_in_root	src/services/discord/inflight/clear_store/mod.rs	1	remove_file
wrapper	B	clear_late_projection	src/services/discord/turn_lease.rs	4	clear_inflight_state_for_captured_episode → clear_inflight_state_if_matches_identity_turn_nonce_impl_in_root → remove_identity_matched_state → remove_file
wrapper	B	clear_lifecycle_inflight_state_if_matches_identity_after_death_evidence	src/services/discord/inflight/clear_store/mod.rs	2	clear_lifecycle_inflight_state_if_matches_identity_after_death_evidence_in_root → remove_file
wrapper	B	clear_lifecycle_inflight_state_if_matches_identity_after_death_evidence_in_root	src/services/discord/inflight/clear_store/mod.rs	1	remove_file
wrapper	B	clear_long_running_placeholder_if_matches_identity	src/services/discord/inflight/save_store/identity_gate/stream_loop_patch.rs	4	clear_long_running_placeholder_if_matches_identity_in_root → persist_under_lock → persist_under_lock_inner → atomic_write
wrapper	B	clear_long_running_placeholder_if_matches_identity_in_root	src/services/discord/inflight/save_store/identity_gate/stream_loop_patch.rs	3	persist_under_lock → persist_under_lock_inner → atomic_write
wrapper	B	clear_persistent_inflight_for_stop	src/services/discord/health/recovery.rs	2	clear_inflight_state → remove_file
wrapper	B	clear_rebind_origin_for_reconcile	src/services/discord/inflight/clear_store/reconcile_gate.rs	6	clear_rebind_origin_for_reconcile_with_allocation_in_root → clear_rebind_origin_for_reconcile_in_root → clear_rebind_origin_inflight_state_if_matches_identity_for_reconcile_in_root → clear_rebind_origin_inflight_state_if_matches_identity_impl_in_root → remove_identity_matched_state → remove_file
wrapper	B	clear_rebind_origin_for_reconcile_in_root	src/services/discord/inflight/clear_store/reconcile_gate.rs	4	clear_rebind_origin_inflight_state_if_matches_identity_for_reconcile_in_root → clear_rebind_origin_inflight_state_if_matches_identity_impl_in_root → remove_identity_matched_state → remove_file
wrapper	B	clear_rebind_origin_for_reconcile_with_allocation_in_root	src/services/discord/inflight/clear_store/reconcile_gate.rs	5	clear_rebind_origin_for_reconcile_in_root → clear_rebind_origin_inflight_state_if_matches_identity_for_reconcile_in_root → clear_rebind_origin_inflight_state_if_matches_identity_impl_in_root → remove_identity_matched_state → remove_file
wrapper	B	clear_rebind_origin_inflight_state_if_matches_identity	src/services/discord/inflight/clear_store/mod.rs	4	clear_rebind_origin_inflight_state_if_matches_identity_in_root → clear_rebind_origin_inflight_state_if_matches_identity_impl_in_root → remove_identity_matched_state → remove_file
wrapper	B	clear_rebind_origin_inflight_state_if_matches_identity_for_reconcile_in_root	src/services/discord/inflight/clear_store/identity.rs	3	clear_rebind_origin_inflight_state_if_matches_identity_impl_in_root → remove_identity_matched_state → remove_file
wrapper	B	clear_rebind_origin_inflight_state_if_matches_identity_impl_in_root	src/services/discord/inflight/clear_store/identity.rs	2	remove_identity_matched_state → remove_file
wrapper	B	clear_rebind_origin_inflight_state_if_matches_identity_in_root	src/services/discord/inflight/clear_store/identity.rs	3	clear_rebind_origin_inflight_state_if_matches_identity_impl_in_root → remove_identity_matched_state → remove_file
wrapper	B	clear_recovered_leak_inflight	src/services/discord/health/recovery.rs	3	clear_recovered_leak_inflight_in_root → clear_inflight_state_if_matches_in_root → remove_file
wrapper	B	clear_recovered_leak_inflight_in_root	src/services/discord/health/recovery.rs	2	clear_inflight_state_if_matches_in_root → remove_file
wrapper	B	clear_status_panel_if_current	src/services/discord/inflight/ownership_ops.rs	4	clear_status_panel_if_current_in_root → persist_under_lock → persist_under_lock_inner → atomic_write
wrapper	B	clear_status_panel_if_current_in_root	src/services/discord/inflight/ownership_ops.rs	3	persist_under_lock → persist_under_lock_inner → atomic_write
wrapper	B	commit	src/services/discord/recovery_engine/completion_delivery.rs	5	bind_after_actor_check → record_successful_fresh_send_with_snapshot → bind_recovery_anchor_for_snapshot → bind_recovery_anchor_if_matches_snapshot → atomic_write
wrapper	B	commit_episode_side_effects	src/services/discord/recovery_engine/manual_rebind/episode_handoff.rs	5	mark_readopted_under_guard → persist_readopted_under_lock → persist_under_lock → persist_under_lock_inner → atomic_write
wrapper	B	commit_redrive_success	src/services/discord/health/relay_auto_heal.rs	5	load_inflight_state → backfill_finalizer_turn_id_under_lock → persist_under_lock → persist_under_lock_inner → atomic_write
wrapper	B	commit_watcher_direct_terminal_session_idle	src/services/discord/tmux_watcher/liveness.rs	5	load_inflight_state → backfill_finalizer_turn_id_under_lock → persist_under_lock → persist_under_lock_inner → atomic_write
wrapper	B	commit_watcher_terminal_delivery_locked	src/services/discord/inflight/watcher_state.rs	4	commit_watcher_terminal_delivery_locked_in_root → persist_under_lock → persist_under_lock_inner → atomic_write
wrapper	B	commit_watcher_terminal_delivery_locked_in_root	src/services/discord/inflight/watcher_state.rs	3	persist_under_lock → persist_under_lock_inner → atomic_write
wrapper	B	committed_foreign_complete_finalize_context	src/services/discord/tui_direct_pending_start/state.rs	1	clear_inflight:true
wrapper	B	consume_dispatched_origin_ghost_if_current	src/services/discord/watchers/dispatched_origin_ghost.rs	7	clear_inflight_state_for_reconcile → clear_inflight_state_for_reconcile_with_allocation_in_root → clear_inflight_state_for_reconcile_in_root → clear_inflight_state_if_matches_identity_turn_nonce_for_reconcile_in_root → clear_inflight_state_if_matches_identity_turn_nonce_impl_in_root → remove_identity_matched_state → remove_file
wrapper	B	create_new_atomic_write	src/services/discord/inflight/save_store.rs	1	atomic_write
wrapper	B	delete_inflight_state_file	src/services/discord/inflight.rs	1	remove_file
wrapper	B	delete_state_if_allowed	src/services/discord/placeholder_sweeper/abandon_guard.rs	4	clear_inflight_state_if_matches_identity_generation → clear_inflight_state_if_matches_identity_generation_in_root → clear_inflight_state_if_matches_identity_generation_and_episode_in_root → remove_file
wrapper	B	dispose_ownerless_row	src/services/discord/recovery_engine/restore_inflight/kickoff_identity.rs	4	apply_ownerless_dead_pane_outcome → dispose_recovery_relay_outcome → clear_inflight_state → remove_file
wrapper	B	dispose_recovery_relay_outcome	src/services/discord/recovery_paths/restart.rs	2	clear_inflight_state → remove_file
wrapper	B	do_finalize	src/services/discord/turn_finalizer/finalize.rs	3	do_finalize_with_release → clear_inflight_state → remove_file
wrapper	B	do_finalize_with_release	src/services/discord/turn_finalizer/finalize.rs	2	clear_inflight_state → remove_file
wrapper	B	downgrade_orphan_owner_in_root	src/services/discord/inflight/orphan_relay_reclaim.rs	3	persist_under_lock_preserving_updated_at → persist_under_lock_inner → atomic_write
wrapper	B	downgrade_orphaned_session_bound_relay_owner_locked	src/services/discord/inflight/orphan_relay_reclaim.rs	5	downgrade_orphaned_session_bound_relay_owner_locked_in_root → downgrade_orphan_owner_in_root → persist_under_lock_preserving_updated_at → persist_under_lock_inner → atomic_write
wrapper	B	downgrade_orphaned_session_bound_relay_owner_locked_in_root	src/services/discord/inflight/orphan_relay_reclaim.rs	4	downgrade_orphan_owner_in_root → persist_under_lock_preserving_updated_at → persist_under_lock_inner → atomic_write
wrapper	B	emit_explicit_inflight_cleanup_signal	src/services/discord/tmux_watcher/turn_identity.rs	3	clear_inflight_state_if_matches → clear_inflight_state_if_matches_in_root → remove_file
wrapper	B	emit_explicit_inflight_cleanup_signal_pane_dead	src/services/discord/tmux_watcher/turn_identity.rs	5	clear_inflight_state_if_matches_identity → clear_inflight_state_if_matches_identity_returning_row → clear_inflight_state_if_matches_identity_returning_row_in_root → remove_identity_matched_state → remove_file
wrapper	B	ensure_synthetic_claim_marker_before_clear	src/services/discord/turn_finalizer/cleanup.rs	5	load_inflight_state → backfill_finalizer_turn_id_under_lock → persist_under_lock → persist_under_lock_inner → atomic_write
wrapper	B	fence_stream_tick_visible_mutation_with_candidate_cleanup	src/services/discord/turn_bridge/stream_tick/guarded_persist.rs	8	persist_stream_tick_state_with_candidate_cleanup_mode → persist_stream_tick_state → persist_stream_tick_state_with_authority_mode → save_stream_tick_state_if_bridge_authority → save_stream_tick_state_preserving_current_message_races_in_root_with_mode → persist_under_lock_with_snapshot → persist_under_lock_inner → atomic_write
wrapper	B	finalize_cancelled_watcher_owner_turn	src/services/discord/relay_recovery/idle_tmux.rs	2	relay_recovery_cancel_finalize_context → clear_inflight:true
wrapper	B	finalize_cleanup_if_same_turn	src/services/discord/placeholder_sweeper/abandon_guard.rs	5	delete_state_if_allowed → clear_inflight_state_if_matches_identity_generation → clear_inflight_state_if_matches_identity_generation_in_root → clear_inflight_state_if_matches_identity_generation_and_episode_in_root → remove_file
wrapper	B	finalize_owner_dead_cleanup_if_same_turn	src/services/discord/placeholder_sweeper/abandon_guard.rs	5	delete_state_if_allowed → clear_inflight_state_if_matches_identity_generation → clear_inflight_state_if_matches_identity_generation_in_root → clear_inflight_state_if_matches_identity_generation_and_episode_in_root → remove_file
wrapper	B	finalize_pinned_watcher_exit	src/services/discord/tmux_watcher/stall_exit.rs	5	clear_inflight_state_if_matches_identity → clear_inflight_state_if_matches_identity_returning_row → clear_inflight_state_if_matches_identity_returning_row_in_root → remove_identity_matched_state → remove_file
wrapper	B	finalize_probe_cleanup_if_same_turn	src/services/discord/placeholder_sweeper/abandon_guard.rs	6	finalize_cleanup_if_same_turn → delete_state_if_allowed → clear_inflight_state_if_matches_identity_generation → clear_inflight_state_if_matches_identity_generation_in_root → clear_inflight_state_if_matches_identity_generation_and_episode_in_root → remove_file
wrapper	B	finalize_stale_busy_turn	src/services/discord/tmux_reaper.rs	2	stale_busy_mailbox → clear_inflight:true
wrapper	B	guarded_runtime_atomic_stamp	src/services/discord/turn_bridge/runtime_handoff_loop/guarded_save.rs	5	stamp_runtime_handoff_if_matches_identity → stamp_runtime_handoff_if_matches_identity_in_root → persist_under_lock_with_snapshot → persist_under_lock_inner → atomic_write
wrapper	B	guarded_runtime_handoff_save	src/services/discord/turn_bridge/runtime_handoff_loop/guarded_save.rs	5	stamp_runtime_handoff_if_matches_identity → stamp_runtime_handoff_if_matches_identity_in_root → persist_under_lock_with_snapshot → persist_under_lock_inner → atomic_write
wrapper	B	invalidate_stale_generation	src/services/discord/inflight/removal.rs	2	invalidate_stale_generation_in_root → remove_file
wrapper	B	invalidate_stale_generation_in_root	src/services/discord/inflight/removal.rs	1	remove_file
wrapper	B	load_idle_tmux_reattach_inflight_clear_candidate	src/services/discord/relay_recovery/idle_tmux.rs	5	load_inflight_state → backfill_finalizer_turn_id_under_lock → persist_under_lock → persist_under_lock_inner → atomic_write
wrapper	B	load_idle_tmux_stale_turn_inflight_clear_candidate	src/services/discord/health/recovery.rs	5	load_inflight_state → backfill_finalizer_turn_id_under_lock → persist_under_lock → persist_under_lock_inner → atomic_write
wrapper	B	lock_and_save_existing_inflight_rebind_adoption_impl_in_root	src/services/discord/inflight/save_store/identity_gate.rs	1	atomic_write
wrapper	B	mailbox_has_live_active_turn_or_cleanup_stale_proof	src/services/discord/router/intake_gate/stale_turn.rs	3	release_queue_blocked_stale_active_turn → delete_inflight_state_file → remove_file
wrapper	B	mark_all_inflight_states_restart_mode	src/services/discord/inflight.rs	3	mark_all_inflight_states_restart_mode_checked → set_inflight_restart_mode_under_lock → atomic_write
wrapper	B	mark_all_inflight_states_restart_mode_checked	src/services/discord/inflight.rs	2	set_inflight_restart_mode_under_lock → atomic_write
wrapper	B	mark_anchor_reposted_if_matches_identity	src/services/discord/inflight/anchor_repost.rs	3	mark_anchor_reposted_if_matches_identity_in_root → mutate_matching_row_in_root → atomic_write
wrapper	B	mark_anchor_reposted_if_matches_identity_in_root	src/services/discord/inflight/anchor_repost.rs	2	mutate_matching_row_in_root → atomic_write
wrapper	B	mark_readopted_from_inflight	src/services/discord/recovery_engine/runtime.rs	6	mark_readopted_from_inflight_if_identity_unchanged → mark_readopted_from_inflight_if_identity_unchanged_in_root → persist_readopted_under_lock → persist_under_lock → persist_under_lock_inner → atomic_write
wrapper	B	mark_readopted_from_inflight_if_identity_unchanged	src/services/discord/inflight/save_store/identity_gate.rs	5	mark_readopted_from_inflight_if_identity_unchanged_in_root → persist_readopted_under_lock → persist_under_lock → persist_under_lock_inner → atomic_write
wrapper	B	mark_readopted_from_inflight_if_identity_unchanged_in_root	src/services/discord/inflight/save_store/identity_gate.rs	4	persist_readopted_under_lock → persist_under_lock → persist_under_lock_inner → atomic_write
wrapper	B	mark_readopted_under_guard	src/services/discord/inflight/episode_guard.rs	4	persist_readopted_under_lock → persist_under_lock → persist_under_lock_inner → atomic_write
wrapper	B	mark_session_bound_relay_delivered_locked	src/services/discord/inflight/orphan_relay_reclaim.rs	4	mark_session_bound_relay_delivered_locked_in_root → persist_under_lock → persist_under_lock_inner → atomic_write
wrapper	B	mark_session_bound_relay_delivered_locked_in_root	src/services/discord/inflight/orphan_relay_reclaim.rs	3	persist_under_lock → persist_under_lock_inner → atomic_write
wrapper	B	mark_watcher_terminal_delivery_committed	src/services/discord/tmux_watcher/commit_decisions.rs	5	commit_watcher_terminal_delivery_locked → commit_watcher_terminal_delivery_locked_in_root → persist_under_lock → persist_under_lock_inner → atomic_write
wrapper	B	mutate_matching_row_in_root	src/services/discord/inflight/anchor_repost.rs	1	atomic_write
wrapper	B	patch_bridge_entry_state_if_identity_unchanged	src/services/discord/inflight/save_store/identity_gate/bridge_entry.rs	5	patch_bridge_entry_state_if_identity_unchanged_in_root → patch_bridge_entry_state_if_identity_unchanged_in_root_impl → persist_under_lock_with_snapshot → persist_under_lock_inner → atomic_write
wrapper	B	patch_bridge_entry_state_if_identity_unchanged_in_root	src/services/discord/inflight/save_store/identity_gate/bridge_entry.rs	4	patch_bridge_entry_state_if_identity_unchanged_in_root_impl → persist_under_lock_with_snapshot → persist_under_lock_inner → atomic_write
wrapper	B	patch_bridge_entry_state_if_identity_unchanged_in_root_impl	src/services/discord/inflight/save_store/identity_gate/bridge_entry.rs	3	persist_under_lock_with_snapshot → persist_under_lock_inner → atomic_write
wrapper	B	patch_bridge_entry_state_tracking_placeholder_clear	src/services/discord/inflight/save_store/identity_gate/bridge_entry.rs	4	patch_bridge_entry_state_if_identity_unchanged_in_root_impl → persist_under_lock_with_snapshot → persist_under_lock_inner → atomic_write
wrapper	B	patch_restart_full_response_if_identity_unchanged	src/services/discord/inflight/save_store/identity_gate.rs	4	patch_restart_full_response_if_identity_unchanged_in_root → persist_under_lock → persist_under_lock_inner → atomic_write
wrapper	B	patch_restart_full_response_if_identity_unchanged_in_root	src/services/discord/inflight/save_store/identity_gate.rs	3	persist_under_lock → persist_under_lock_inner → atomic_write
wrapper	B	patch_restart_mode_if_matches_identity	src/services/discord/inflight/save_store/identity_gate/stream_loop_patch.rs	4	patch_restart_mode_if_matches_identity_in_root → persist_under_lock → persist_under_lock_inner → atomic_write
wrapper	B	patch_restart_mode_if_matches_identity_in_root	src/services/discord/inflight/save_store/identity_gate/stream_loop_patch.rs	3	persist_under_lock → persist_under_lock_inner → atomic_write
wrapper	B	pending_start_abort_cleanup_fn	src/services/discord/tui_prompt_relay/synthetic_start.rs	5	load_inflight_state → backfill_finalizer_turn_id_under_lock → persist_under_lock → persist_under_lock_inner → atomic_write
wrapper	B	persist_bridge_entry_inflight_state	src/services/discord/turn_bridge/bridge_entry_persist.rs	5	patch_bridge_entry_state_tracking_placeholder_clear → patch_bridge_entry_state_if_identity_unchanged_in_root_impl → persist_under_lock_with_snapshot → persist_under_lock_inner → atomic_write
wrapper	B	persist_delivery_rewind	src/services/discord/turn_bridge/retry_state.rs	3	save_inflight_delivery_rewind_if_matches_identity → save_inflight_delivery_rewind_if_matches_identity_in_root → atomic_write
wrapper	B	persist_leak_recovery_response_offset_if_matches_identity_locked	src/services/discord/inflight/save_store/identity_gate.rs	4	persist_leak_recovery_response_offset_if_matches_identity_locked_in_root → persist_under_lock → persist_under_lock_inner → atomic_write
wrapper	B	persist_leak_recovery_response_offset_if_matches_identity_locked_in_root	src/services/discord/inflight/save_store/identity_gate.rs	3	persist_under_lock → persist_under_lock_inner → atomic_write
wrapper	B	persist_pinned_terminal_anchor	src/services/discord/turn_bridge/stream_loop/types.rs	3	bind_recovery_anchor_if_matches_identity → bind_recovery_anchor_if_matches_snapshot → atomic_write
wrapper	B	persist_readopted_under_lock	src/services/discord/inflight/store.rs	3	persist_under_lock → persist_under_lock_inner → atomic_write
wrapper	B	persist_reclaim_delivery_rewind	src/services/discord/turn_bridge/retry_state.rs	4	persist_delivery_rewind → save_inflight_delivery_rewind_if_matches_identity → save_inflight_delivery_rewind_if_matches_identity_in_root → atomic_write
wrapper	B	persist_recovery_output_path_if_matches_identity_locked	src/services/discord/inflight/save_store/identity_gate.rs	4	persist_recovery_output_path_if_matches_identity_locked_in_root → persist_under_lock → persist_under_lock_inner → atomic_write
wrapper	B	persist_recovery_output_path_if_matches_identity_locked_in_root	src/services/discord/inflight/save_store/identity_gate.rs	3	persist_under_lock → persist_under_lock_inner → atomic_write
wrapper	B	persist_sink_delivery	src/services/discord/session_relay_sink/delivery_frontier.rs	5	mark_session_bound_relay_delivered_locked → mark_session_bound_relay_delivered_locked_in_root → persist_under_lock → persist_under_lock_inner → atomic_write
wrapper	B	persist_status_panel_completion_fallback_message_id	src/services/discord/turn_bridge/status_panel/fallback.rs	5	bind_status_panel → bind_status_panel_in_root → persist_under_lock → persist_under_lock_inner → atomic_write
wrapper	B	persist_stream_tick_heartbeat	src/services/discord/turn_bridge/stream_tick/guarded_persist.rs	5	touch_inflight_state_if_matches_identity → touch_inflight_state_if_matches_identity_in_root → persist_under_lock → persist_under_lock_inner → atomic_write
wrapper	B	persist_stream_tick_state	src/services/discord/turn_bridge/stream_tick/guarded_persist.rs	6	persist_stream_tick_state_with_authority_mode → save_stream_tick_state_if_bridge_authority → save_stream_tick_state_preserving_current_message_races_in_root_with_mode → persist_under_lock_with_snapshot → persist_under_lock_inner → atomic_write
wrapper	B	persist_stream_tick_state_with_authority_mode	src/services/discord/turn_bridge/stream_tick/guarded_persist.rs	5	save_stream_tick_state_if_bridge_authority → save_stream_tick_state_preserving_current_message_races_in_root_with_mode → persist_under_lock_with_snapshot → persist_under_lock_inner → atomic_write
wrapper	B	persist_stream_tick_state_with_candidate_cleanup	src/services/discord/turn_bridge/stream_tick/guarded_persist.rs	8	persist_stream_tick_state_with_candidate_cleanup_mode → persist_stream_tick_state → persist_stream_tick_state_with_authority_mode → save_stream_tick_state_if_bridge_authority → save_stream_tick_state_preserving_current_message_races_in_root_with_mode → persist_under_lock_with_snapshot → persist_under_lock_inner → atomic_write
wrapper	B	persist_stream_tick_state_with_candidate_cleanup_mode	src/services/discord/turn_bridge/stream_tick/guarded_persist.rs	7	persist_stream_tick_state → persist_stream_tick_state_with_authority_mode → save_stream_tick_state_if_bridge_authority → save_stream_tick_state_preserving_current_message_races_in_root_with_mode → persist_under_lock_with_snapshot → persist_under_lock_inner → atomic_write
wrapper	B	persist_stream_tick_visible_mutation_fence	src/services/discord/turn_bridge/stream_tick/guarded_persist.rs	6	persist_stream_tick_state_with_authority_mode → save_stream_tick_state_if_bridge_authority → save_stream_tick_state_preserving_current_message_races_in_root_with_mode → persist_under_lock_with_snapshot → persist_under_lock_inner → atomic_write
wrapper	B	persist_terminal_error_delivery_rewind	src/services/discord/turn_bridge/retry_state.rs	4	persist_delivery_rewind → save_inflight_delivery_rewind_if_matches_identity → save_inflight_delivery_rewind_if_matches_identity_in_root → atomic_write
wrapper	B	persist_terminal_range	src/services/discord/inflight/save_store/identity_gate/runtime_stamp.rs	3	persist_under_lock_with_snapshot → persist_under_lock_inner → atomic_write
wrapper	B	persist_under_lock	src/services/discord/inflight/store.rs	2	persist_under_lock_inner → atomic_write
wrapper	B	persist_under_lock_inner	src/services/discord/inflight/store.rs	1	atomic_write
wrapper	B	persist_under_lock_preserving_updated_at	src/services/discord/inflight/store.rs	2	persist_under_lock_inner → atomic_write
wrapper	B	persist_under_lock_with_snapshot	src/services/discord/inflight/store.rs	2	persist_under_lock_inner → atomic_write
wrapper	B	persist_watcher_relay_watermark_locked	src/services/discord/inflight/watcher_state.rs	4	persist_watcher_relay_watermark_locked_in_root → persist_under_lock → persist_under_lock_inner → atomic_write
wrapper	B	persist_watcher_relay_watermark_locked_in_root	src/services/discord/inflight/watcher_state.rs	3	persist_under_lock → persist_under_lock_inner → atomic_write
wrapper	B	persist_watcher_stream_progress	src/services/discord/tmux.rs	5	persist_watcher_stream_progress_locked → persist_watcher_stream_progress_locked_in_root → persist_under_lock → persist_under_lock_inner → atomic_write
wrapper	B	persist_watcher_stream_progress_locked	src/services/discord/inflight/watcher_state.rs	4	persist_watcher_stream_progress_locked_in_root → persist_under_lock → persist_under_lock_inner → atomic_write
wrapper	B	persist_watcher_stream_progress_locked_in_root	src/services/discord/inflight/watcher_state.rs	3	persist_under_lock → persist_under_lock_inner → atomic_write
wrapper	B	reanchor_bridge_two_message_status_panel_below_answer	src/services/discord/turn_bridge/two_message_panel.rs	6	save_inflight_state_if_identity_unchanged → save_inflight_state_if_identity_unchanged_in_root → save_inflight_state_identity_gated_in_root → persist_under_lock_with_snapshot → persist_under_lock_inner → atomic_write
wrapper	B	reanchor_watcher_two_message_status_panel_below_answer	src/services/discord/tmux_watcher/two_message_panel.rs	5	bind_status_panel → bind_status_panel_in_root → persist_under_lock → persist_under_lock_inner → atomic_write
wrapper	B	reap_abandoned_rebind_origin_locked	src/services/discord/inflight/rebind_reap.rs	2	reap_abandoned_rebind_origin_locked_in_root → remove_file
wrapper	B	reap_abandoned_rebind_origin_locked_in_root	src/services/discord/inflight/rebind_reap.rs	1	remove_file
wrapper	B	reap_dead_tmux_sessions	src/services/discord/tmux_reaper.rs	6	reap_stale_busy_mailboxes → reap_stale_busy_mailboxes_with_probe → heal_stale_busy_mailbox_with_probe → finalize_stale_busy_turn → stale_busy_mailbox → clear_inflight:true
wrapper	B	reap_dead_watcher_rebind_origin_locked	src/services/discord/inflight/rebind_reap.rs	2	reap_dead_watcher_rebind_origin_locked_in_root → remove_file
wrapper	B	reap_dead_watcher_rebind_origin_locked_in_root	src/services/discord/inflight/rebind_reap.rs	1	remove_file
wrapper	B	reap_inflight_rows_at_boot_blocking	src/services/discord/inflight/removal/boot_reaper.rs	3	reap_inflight_rows_at_boot_with_guard → reap_inflight_rows_at_boot_in_root → remove_file
wrapper	B	reap_inflight_rows_at_boot_in_root	src/services/discord/inflight/removal/boot_reaper.rs	1	remove_file
wrapper	B	reap_inflight_rows_at_boot_with_guard	src/services/discord/inflight/removal/boot_reaper.rs	2	reap_inflight_rows_at_boot_in_root → remove_file
wrapper	B	reap_stale_busy_mailboxes	src/services/discord/tmux_reaper.rs	5	reap_stale_busy_mailboxes_with_probe → heal_stale_busy_mailbox_with_probe → finalize_stale_busy_turn → stale_busy_mailbox → clear_inflight:true
wrapper	B	reap_stale_busy_mailboxes_with_probe	src/services/discord/tmux_reaper.rs	4	heal_stale_busy_mailbox_with_probe → finalize_stale_busy_turn → stale_busy_mailbox → clear_inflight:true
wrapper	B	rebind_channel_provider_session	src/services/discord/health/recovery.rs	8	rebind_channel_session → reconstruct_managed_worktree_metadata → sync_inflight_worktree_context → load_inflight_state → backfill_finalizer_turn_id_under_lock → persist_under_lock → persist_under_lock_inner → atomic_write
wrapper	B	rebind_channel_session	src/services/discord/session_runtime.rs	7	reconstruct_managed_worktree_metadata → sync_inflight_worktree_context → load_inflight_state → backfill_finalizer_turn_id_under_lock → persist_under_lock → persist_under_lock_inner → atomic_write
wrapper	B	rebind_inflight	src/services/discord/health.rs	6	rebind_inflight_for_channel → rebind_inflight_for_channel_inner → adopt_coordinates → adopt_and_lock_inflight_episode → lock_and_save_existing_inflight_rebind_adoption_impl_in_root → atomic_write
wrapper	B	rebind_inflight_after_force_clean	src/services/discord/health.rs	6	rebind_inflight_for_channel_with_minimum_start_offset → rebind_inflight_for_channel_inner → adopt_coordinates → adopt_and_lock_inflight_episode → lock_and_save_existing_inflight_rebind_adoption_impl_in_root → atomic_write
wrapper	B	rebind_inflight_for_channel	src/services/discord/recovery_engine/manual_rebind/mod.rs	5	rebind_inflight_for_channel_inner → adopt_coordinates → adopt_and_lock_inflight_episode → lock_and_save_existing_inflight_rebind_adoption_impl_in_root → atomic_write
wrapper	B	rebind_inflight_for_channel_inner	src/services/discord/recovery_engine/manual_rebind/mod.rs	4	adopt_coordinates → adopt_and_lock_inflight_episode → lock_and_save_existing_inflight_rebind_adoption_impl_in_root → atomic_write
wrapper	B	rebind_inflight_for_channel_with_minimum_start_offset	src/services/discord/recovery_engine/manual_rebind/mod.rs	5	rebind_inflight_for_channel_inner → adopt_coordinates → adopt_and_lock_inflight_episode → lock_and_save_existing_inflight_rebind_adoption_impl_in_root → atomic_write
wrapper	B	rebind_inflight_handler	src/server/routes/health_api.rs	8	handle_rebind_inflight → rebind_inflight → rebind_inflight_for_channel → rebind_inflight_for_channel_inner → adopt_coordinates → adopt_and_lock_inflight_episode → lock_and_save_existing_inflight_rebind_adoption_impl_in_root → atomic_write
wrapper	B	refresh_delivery_rewind_state	src/services/discord/turn_bridge/retry_state.rs	5	load_inflight_state → backfill_finalizer_turn_id_under_lock → persist_under_lock → persist_under_lock_inner → atomic_write
wrapper	B	refresh_existing	src/services/discord/tui_prompt_relay/synthetic_start/bridge_handoff.rs	6	save_inflight_state_if_identity_matches_allow_output_restamp → save_inflight_state_if_identity_matches_allow_output_restamp_in_root → save_inflight_state_identity_gated_in_root → persist_under_lock_with_snapshot → persist_under_lock_inner → atomic_write
wrapper	B	refresh_inflight_last_offset_if_matches_identity	src/services/discord/inflight/clear_store/mod.rs	2	refresh_inflight_last_offset_if_matches_identity_in_root → atomic_write
wrapper	B	refresh_inflight_last_offset_if_matches_identity_in_root	src/services/discord/inflight/clear_store/mod.rs	1	atomic_write
wrapper	B	refresh_standby_inflight_heartbeat	src/services/discord/standby_relay.rs	3	refresh_inflight_last_offset_if_matches_identity → refresh_inflight_last_offset_if_matches_identity_in_root → atomic_write
wrapper	B	refresh_watcher_turn_identity	src/services/discord/tmux_watcher/turn_identity.rs	5	load_inflight_state → backfill_finalizer_turn_id_under_lock → persist_under_lock → persist_under_lock_inner → atomic_write
wrapper	B	relay_owner_kind_for_finalize	src/services/discord/turn_finalizer/cleanup.rs	5	load_inflight_state → backfill_finalizer_turn_id_under_lock → persist_under_lock → persist_under_lock_inner → atomic_write
wrapper	B	relay_ownership_only_for_finalize	src/services/discord/turn_finalizer/cleanup.rs	5	load_inflight_state → backfill_finalizer_turn_id_under_lock → persist_under_lock → persist_under_lock_inner → atomic_write
wrapper	B	relay_recovery_cancel_finalize_context	src/services/discord/relay_recovery/idle_tmux.rs	1	clear_inflight:true
wrapper	B	remove_identity_matched_state	src/services/discord/inflight/clear_store/identity.rs	1	remove_file
wrapper	B	request_inflight_abandon_for_captured_episode	src/services/discord/inflight/clear_store/abandon.rs	2	request_inflight_abandon_matching_in_root → remove_file
wrapper	B	request_inflight_abandon_if_matches	src/services/discord/inflight/clear_store/abandon.rs	3	request_inflight_abandon_if_matches_in_root → request_inflight_abandon_matching_in_root → remove_file
wrapper	B	request_inflight_abandon_if_matches_in_root	src/services/discord/inflight/clear_store/abandon.rs	2	request_inflight_abandon_matching_in_root → remove_file
wrapper	B	request_inflight_abandon_if_matches_zero_owned	src/services/discord/inflight/clear_store/abandon.rs	3	request_inflight_abandon_if_matches_zero_owned_in_root → request_inflight_abandon_matching_in_root → remove_file
wrapper	B	request_inflight_abandon_if_matches_zero_owned_in_root	src/services/discord/inflight/clear_store/abandon.rs	2	request_inflight_abandon_matching_in_root → remove_file
wrapper	B	request_inflight_abandon_matching_in_root	src/services/discord/inflight/clear_store/abandon.rs	1	remove_file
wrapper	B	reset_session_for_auto_retry	src/services/discord/turn_bridge/retry_state.rs	6	save_inflight_state_if_identity_unchanged → save_inflight_state_if_identity_unchanged_in_root → save_inflight_state_identity_gated_in_root → persist_under_lock_with_snapshot → persist_under_lock_inner → atomic_write
wrapper	B	retire_captured_ready_response	src/services/discord/recovery_engine/idle_captured_response.rs	3	clear_inflight_state_for_snapshot → clear_inflight_state_if_matches_identity_generation_and_episode_in_root → remove_file
wrapper	B	revalidate_and_clear_explicit_background_inflight	src/services/discord/health/recovery.rs	4	clear_inflight_state_if_matches_identity_returning_row → clear_inflight_state_if_matches_identity_returning_row_in_root → remove_identity_matched_state → remove_file
wrapper	B	rewind_and_persist_delivery_on_reclaim	src/services/discord/turn_bridge/retry_state.rs	5	persist_reclaim_delivery_rewind → persist_delivery_rewind → save_inflight_delivery_rewind_if_matches_identity → save_inflight_delivery_rewind_if_matches_identity_in_root → atomic_write
wrapper	B	rotation_settle_finalize_context	src/services/discord/tui_prompt_relay/session_rotation_settle.rs	1	clear_inflight:true
wrapper	B	run_backstop_finalize	src/services/discord/turn_finalizer/reconcile.rs	2	gate_backstop → clear_inflight:true
wrapper	B	run_post_loop_finalize	src/services/discord/turn_bridge/post_loop_finalize.rs	6	save_inflight_state_if_identity_unchanged → save_inflight_state_if_identity_unchanged_in_root → save_inflight_state_identity_gated_in_root → persist_under_lock_with_snapshot → persist_under_lock_inner → atomic_write
wrapper	B	run_terminal_commit_epilogue	src/services/discord/tmux_watcher/terminal_commit_epilogue.rs	5	clear_inflight_state_if_matches_identity_turn_nonce → clear_inflight_state_if_matches_identity_turn_nonce_in_root → clear_inflight_state_if_matches_identity_turn_nonce_impl_in_root → remove_identity_matched_state → remove_file
wrapper	B	save_existing_inflight_rebind_adoption_if_matches_episode	src/services/discord/inflight/save_store/rebind_adoption.rs	3	save_existing_inflight_rebind_adoption_impl_in_root → lock_and_save_existing_inflight_rebind_adoption_impl_in_root → atomic_write
wrapper	B	save_existing_inflight_rebind_adoption_if_matches_identity	src/services/discord/inflight/save_store/rebind_adoption.rs	4	save_existing_inflight_rebind_adoption_if_matches_identity_in_root → save_existing_inflight_rebind_adoption_impl_in_root → lock_and_save_existing_inflight_rebind_adoption_impl_in_root → atomic_write
wrapper	B	save_existing_inflight_rebind_adoption_if_matches_identity_in_root	src/services/discord/inflight/save_store/identity_gate.rs	3	save_existing_inflight_rebind_adoption_impl_in_root → lock_and_save_existing_inflight_rebind_adoption_impl_in_root → atomic_write
wrapper	B	save_existing_inflight_rebind_adoption_impl_in_root	src/services/discord/inflight/save_store/identity_gate.rs	2	lock_and_save_existing_inflight_rebind_adoption_impl_in_root → atomic_write
wrapper	B	save_existing_inflight_rebind_adoption_with_offset_rebase_if_matches_episode	src/services/discord/inflight/save_store/rebind_adoption.rs	3	save_existing_inflight_rebind_adoption_impl_in_root → lock_and_save_existing_inflight_rebind_adoption_impl_in_root → atomic_write
wrapper	B	save_existing_inflight_rebind_adoption_with_offset_rebase_if_matches_identity	src/services/discord/inflight/save_store/rebind_adoption.rs	4	save_existing_inflight_rebind_adoption_with_offset_rebase_if_matches_identity_in_root → save_existing_inflight_rebind_adoption_impl_in_root → lock_and_save_existing_inflight_rebind_adoption_impl_in_root → atomic_write
wrapper	B	save_existing_inflight_rebind_adoption_with_offset_rebase_if_matches_identity_in_root	src/services/discord/inflight/save_store/identity_gate.rs	3	save_existing_inflight_rebind_adoption_impl_in_root → lock_and_save_existing_inflight_rebind_adoption_impl_in_root → atomic_write
wrapper	B	save_inflight_delivery_rewind_if_matches_identity	src/services/discord/inflight/save_store/delivery_rewind.rs	2	save_inflight_delivery_rewind_if_matches_identity_in_root → atomic_write
wrapper	B	save_inflight_delivery_rewind_if_matches_identity_in_root	src/services/discord/inflight/save_store/delivery_rewind.rs	1	atomic_write
wrapper	B	save_inflight_state_create_new	src/services/discord/inflight/save_store.rs	3	save_inflight_state_create_new_in_root → create_new_atomic_write → atomic_write
wrapper	B	save_inflight_state_create_new_in_root	src/services/discord/inflight/save_store.rs	2	create_new_atomic_write → atomic_write
wrapper	B	save_inflight_state_identity_gated_in_root	src/services/discord/inflight/save_store/identity_gate.rs	3	persist_under_lock_with_snapshot → persist_under_lock_inner → atomic_write
wrapper	B	save_inflight_state_if_absent	src/services/discord/inflight/save_store.rs	2	save_inflight_state_if_absent_in_root → atomic_write(fn값)
wrapper	B	save_inflight_state_if_absent_in_root	src/services/discord/inflight/save_store.rs	1	atomic_write(fn값)
wrapper	B	save_inflight_state_if_identity_matches_allow_output_restamp	src/services/discord/inflight/save_store/identity_gate.rs	5	save_inflight_state_if_identity_matches_allow_output_restamp_in_root → save_inflight_state_identity_gated_in_root → persist_under_lock_with_snapshot → persist_under_lock_inner → atomic_write
wrapper	B	save_inflight_state_if_identity_matches_allow_output_restamp_in_root	src/services/discord/inflight/save_store/identity_gate.rs	4	save_inflight_state_identity_gated_in_root → persist_under_lock_with_snapshot → persist_under_lock_inner → atomic_write
wrapper	B	save_inflight_state_if_identity_unchanged	src/services/discord/inflight/save_store/identity_gate.rs	5	save_inflight_state_if_identity_unchanged_in_root → save_inflight_state_identity_gated_in_root → persist_under_lock_with_snapshot → persist_under_lock_inner → atomic_write
wrapper	B	save_inflight_state_if_identity_unchanged_in_root	src/services/discord/inflight/save_store/identity_gate.rs	4	save_inflight_state_identity_gated_in_root → persist_under_lock_with_snapshot → persist_under_lock_inner → atomic_write
wrapper	B	save_inflight_state_if_matches_identity	src/services/discord/inflight/save_store/identity_gate/completion_preserve.rs	4	save_inflight_state_if_matches_identity_in_root → persist_under_lock_with_snapshot → persist_under_lock_inner → atomic_write
wrapper	B	save_inflight_state_if_matches_identity_in_root	src/services/discord/inflight/save_store/identity_gate/completion_preserve.rs	3	persist_under_lock_with_snapshot → persist_under_lock_inner → atomic_write
wrapper	B	save_stream_tick_state_if_bridge_authority	src/services/discord/inflight/save_store/identity_gate/stream_loop_patch.rs	4	save_stream_tick_state_preserving_current_message_races_in_root_with_mode → persist_under_lock_with_snapshot → persist_under_lock_inner → atomic_write
wrapper	B	save_stream_tick_state_if_bridge_authority_in_root	src/services/discord/inflight/save_store/identity_gate/stream_loop_patch.rs	4	save_stream_tick_state_preserving_current_message_races_in_root_with_mode → persist_under_lock_with_snapshot → persist_under_lock_inner → atomic_write
wrapper	B	save_stream_tick_state_preserving_current_message_races	src/services/discord/inflight/save_store/identity_gate/stream_loop_patch.rs	4	save_stream_tick_state_preserving_current_message_races_in_root_with_mode → persist_under_lock_with_snapshot → persist_under_lock_inner → atomic_write
wrapper	B	save_stream_tick_state_preserving_current_message_races_in_root	src/services/discord/inflight/save_store/identity_gate/stream_loop_patch.rs	4	save_stream_tick_state_preserving_current_message_races_in_root_with_mode → persist_under_lock_with_snapshot → persist_under_lock_inner → atomic_write
wrapper	B	save_stream_tick_state_preserving_current_message_races_in_root_with_mode	src/services/discord/inflight/save_store/identity_gate/stream_loop_patch.rs	3	persist_under_lock_with_snapshot → persist_under_lock_inner → atomic_write
wrapper	B	set_inflight_restart_mode_under_lock	src/services/discord/inflight.rs	1	atomic_write
wrapper	B	settle_and_reconcile_exit_candidate	src/services/discord/turn_bridge/stream_loop/exit_reconcile.rs	9	settle_pending_current_message_candidate_on_loop_exit → persist_stream_tick_state_with_candidate_cleanup_mode → persist_stream_tick_state → persist_stream_tick_state_with_authority_mode → save_stream_tick_state_if_bridge_authority → save_stream_tick_state_preserving_current_message_races_in_root_with_mode → persist_under_lock_with_snapshot → persist_under_lock_inner → atomic_write
wrapper	B	settle_captured_ready_delivery	src/services/discord/recovery_engine/idle_captured_response.rs	4	retire_captured_ready_response → clear_inflight_state_for_snapshot → clear_inflight_state_if_matches_identity_generation_and_episode_in_root → remove_file
wrapper	B	settle_claude_session_rotations	src/services/discord/tui_prompt_relay/session_rotation_settle.rs	4	settle_one_claude_session_rotation → submit_rotation_settle → rotation_settle_finalize_context → clear_inflight:true
wrapper	B	settle_one_claude_session_rotation	src/services/discord/tui_prompt_relay/session_rotation_settle.rs	3	submit_rotation_settle → rotation_settle_finalize_context → clear_inflight:true
wrapper	B	settle_pending_current_message_candidate_on_loop_exit	src/services/discord/turn_bridge/stream_tick/guarded_persist.rs	8	persist_stream_tick_state_with_candidate_cleanup_mode → persist_stream_tick_state → persist_stream_tick_state_with_authority_mode → save_stream_tick_state_if_bridge_authority → save_stream_tick_state_preserving_current_message_races_in_root_with_mode → persist_under_lock_with_snapshot → persist_under_lock_inner → atomic_write
wrapper	B	settle_ready_without_output	src/services/discord/recovery_engine/idle_captured_response.rs	5	settle_ready_without_output_for_actor → retire_captured_ready_response → clear_inflight_state_for_snapshot → clear_inflight_state_if_matches_identity_generation_and_episode_in_root → remove_file
wrapper	B	settle_ready_without_output_for_actor	src/services/discord/recovery_engine/idle_captured_response.rs	4	retire_captured_ready_response → clear_inflight_state_for_snapshot → clear_inflight_state_if_matches_identity_generation_and_episode_in_root → remove_file
wrapper	B	stale_foreign_cancel_finalize_context	src/services/discord/tui_direct_pending_start/state.rs	1	clear_inflight:true
wrapper	B	stamp_claude_e_process_if_matches_identity	src/services/discord/inflight/save_store/identity_gate/claude_e_stamp.rs	4	stamp_claude_e_process_if_matches_identity_in_root → persist_under_lock_with_snapshot → persist_under_lock_inner → atomic_write
wrapper	B	stamp_claude_e_process_if_matches_identity_in_root	src/services/discord/inflight/save_store/identity_gate/claude_e_stamp.rs	3	persist_under_lock_with_snapshot → persist_under_lock_inner → atomic_write
wrapper	B	stamp_process_evidence	src/services/discord/turn_bridge/runtime_handoff_loop/claude_e.rs	5	stamp_claude_e_process_if_matches_identity → stamp_claude_e_process_if_matches_identity_in_root → persist_under_lock_with_snapshot → persist_under_lock_inner → atomic_write
wrapper	B	stamp_runtime_handoff_if_matches_identity	src/services/discord/inflight/save_store/identity_gate/runtime_stamp.rs	4	stamp_runtime_handoff_if_matches_identity_in_root → persist_under_lock_with_snapshot → persist_under_lock_inner → atomic_write
wrapper	B	stamp_runtime_handoff_if_matches_identity_in_root	src/services/discord/inflight/save_store/identity_gate/runtime_stamp.rs	3	persist_under_lock_with_snapshot → persist_under_lock_inner → atomic_write
wrapper	B	submit_rotation_settle	src/services/discord/tui_prompt_relay/session_rotation_settle.rs	2	rotation_settle_finalize_context → clear_inflight:true
wrapper	B	sweep_expired	src/services/discord/tui_direct_abort_marker/sweep.rs	5	load_inflight_state → backfill_finalizer_turn_id_under_lock → persist_under_lock → persist_under_lock_inner → atomic_write
wrapper	B	sweep_orphan_status_panel	src/services/discord/placeholder_sweeper.rs	5	clear_status_panel_if_current → clear_status_panel_if_current_in_root → persist_under_lock → persist_under_lock_inner → atomic_write
wrapper	B	sweep_reap_dead_watcher_rebind_origin	src/services/discord/inflight/rebind_reap.rs	3	reap_dead_watcher_rebind_origin_locked → reap_dead_watcher_rebind_origin_locked_in_root → remove_file
wrapper	B	sync_inflight_worktree_context	src/services/discord/session_runtime/worktree.rs	5	load_inflight_state → backfill_finalizer_turn_id_under_lock → persist_under_lock → persist_under_lock_inner → atomic_write
wrapper	B	sync_terminal_error_delivery_state_for_bridge_owner	src/services/discord/turn_bridge/retry_state.rs	5	persist_terminal_error_delivery_rewind → persist_delivery_rewind → save_inflight_delivery_rewind_if_matches_identity → save_inflight_delivery_rewind_if_matches_identity_in_root → atomic_write
wrapper	B	touch_inflight_state_if_matches_identity	src/services/discord/inflight/save_store/identity_gate/heartbeat.rs	4	touch_inflight_state_if_matches_identity_in_root → persist_under_lock → persist_under_lock_inner → atomic_write
wrapper	B	touch_inflight_state_if_matches_identity_in_root	src/services/discord/inflight/save_store/identity_gate/heartbeat.rs	3	persist_under_lock → persist_under_lock_inner → atomic_write
wrapper	B	wait_for_claude_inflight_to_clear	src/services/discord/tui_prompt_relay/claude_idle_tail.rs	5	load_inflight_state → backfill_finalizer_turn_id_under_lock → persist_under_lock → persist_under_lock_inner → atomic_write
wrapper	B	warn_idle_tmux_reattach_inflight_clear_refused	src/services/discord/relay_recovery/idle_tmux.rs	5	load_inflight_state → backfill_finalizer_turn_id_under_lock → persist_under_lock → persist_under_lock_inner → atomic_write
wrapper	C	cleanup_orphan_tmux_sessions	src/services/discord/tmux_reaper.rs	1	cleanup_session_temp_files
wrapper	C	cleanup_session_temp_files	src/services/tmux_common.rs	2	cleanup_session_temp_files_under_source_authority → remove_dir_all
wrapper	C	cleanup_session_temp_files_under_source_authority	src/services/tmux_common.rs	1	remove_dir_all
wrapper	C	clear_channel_session_state	src/services/discord/commands/control.rs	3	clear_channel_session_state_with_session_key → reset_managed_process_session → cleanup_session_temp_files
wrapper	C	clear_channel_session_state_with_session_key	src/services/discord/commands/control.rs	2	reset_managed_process_session → cleanup_session_temp_files
wrapper	C	clear_provider_channel_runtime	src/services/discord/health/recovery.rs	2	reset_managed_process_session → cleanup_session_temp_files
wrapper	C	clear_slot_threads_for_slot_pg	src/services/auto_queue/runtime.rs	3	clear_provider_channel_runtime → reset_managed_process_session → cleanup_session_temp_files
wrapper	C	drain_run_cleanup_task_by_id_pg	src/services/auto_queue/cleanup_tasks.rs	5	drain_run_cleanup_task_pg → clear_slot_threads_for_slot_pg → clear_provider_channel_runtime → reset_managed_process_session → cleanup_session_temp_files
wrapper	C	drain_run_cleanup_task_pg	src/services/auto_queue/cleanup_tasks.rs	4	clear_slot_threads_for_slot_pg → clear_provider_channel_runtime → reset_managed_process_session → cleanup_session_temp_files
wrapper	C	handle_idle_recap_clear_interaction	src/services/discord/idle_recap_interaction.rs	3	clear_channel_session_state_with_session_key → reset_managed_process_session → cleanup_session_temp_files
wrapper	C	reap_dead_tmux_sessions	src/services/discord/tmux_reaper.rs	2	reap_fresh_routine_orphan → cleanup_session_temp_files
wrapper	C	reap_fresh_routine_orphan	src/services/discord/tmux_reaper.rs	1	cleanup_session_temp_files
wrapper	C	replay_pending_run_cleanup_tasks_pg	src/services/auto_queue/cleanup_tasks.rs	5	drain_run_cleanup_task_pg → clear_slot_threads_for_slot_pg → clear_provider_channel_runtime → reset_managed_process_session → cleanup_session_temp_files
wrapper	C	reset_channel_provider_state	src/services/discord/commands/control.rs	2	recreate_tmux_session → cleanup_session_temp_files
wrapper	C	reset_managed_process_session	src/services/discord/commands/control.rs	1	cleanup_session_temp_files
wrapper	C	reset_provider_session_if_pending	src/services/discord/commands/control.rs	3	reset_channel_provider_state → recreate_tmux_session → cleanup_session_temp_files
wrapper	C	rotate_owned_jsonl	src/services/discord/tmux_watcher/jsonl_rotation.rs	1	truncate_jsonl_head_safe
wrapper	C	rotate_watcher_jsonl_if_due	src/services/discord/tmux_watcher/jsonl_rotation.rs	2	rotate_owned_jsonl → truncate_jsonl_head_safe
wrapper	C	sweep_orphan_session_files	src/services/discord/tmux_session_files.rs	1	remove_file
wrapper	C	truncate_jsonl_head_safe	src/services/tmux_common.rs	1	remove_file
stop	A	abort_terminal_dispatch_at_turn_start	src/services/discord/router/message_handler/intake_turn/stale_dispatch_guard.rs	-	-
stop	A	acquire_after_redirect_or_requeue	src/services/discord/router/message_handler/intake_turn/runtime_transition.rs	-	-
one-level	A	act	src/services/discord/voice_lifecycle.rs	-	-
one-level	A	admit_queued_intake	src/services/discord/router/intake_dispatch/queued.rs	-	-
one-level	A	agent_message	src/server/routes/agents.rs	-	-
one-level	A	apply_bridge_long_chunks_controller	src/services/discord/turn_bridge/terminal_controller_cutover.rs	-	-
one-level	A	apply_bridge_long_chunks_legacy	src/services/discord/turn_bridge/terminal_controller_cutover.rs	-	-
stop	A	apply_busy_requeue_if_pending	src/services/discord/turn_bridge/terminal_outcome_delivery/busy_followup_retry.rs	-	-
one-level	A	apply_diff	src/services/discord/turn_view_reconciler/apply.rs	-	-
stop	A	apply_diff_or_cold_terminal	src/services/discord/turn_view_reconciler/apply.rs	-	-
one-level	A	apply_queue_exit_feedback	src/services/discord/mod.rs	-	-
one-level	A	apply_tui_busy_enqueue_refusal	src/services/discord/router/message_handler/tui_followup.rs	-	-
one-level	A	apply_unknown_clear	src/services/discord/turn_view_reconciler/apply.rs	-	-
one-level	A	apply_watcher_long_chunks_controller	src/services/discord/tmux_watcher/terminal_long_chunks.rs	-	-
one-level	A	apply_watcher_long_chunks_legacy	src/services/discord/tmux_watcher/terminal_long_chunks.rs	-	-
one-level	A	apply_watcher_long_chunks_result	src/services/discord/tmux_watcher/terminal_long_chunks.rs	-	-
one-level	A	apply_watcher_task_response	src/services/discord/tmux_watcher/task_response_authority.rs	-	-
one-level	A	archive_meeting_thread	src/services/discord/meeting_orchestrator/selection_runtime.rs	-	-
one-level	A	archive_slot_threads	src/services/auto_queue/runtime.rs	-	-
one-level	A	ask_for_agent	src/services/discord/voice_barge_in/routing.rs	-	-
one-level	A	authorize_component	src/services/discord/idle_recap_interaction.rs	-	-
one-level	A	auto_join_voice_channels	src/services/discord/commands/voice.rs	-	-
one-level	A	begin	src/services/claude_tui/hook_server/relay_receipts.rs	-	-
one-level	A	broadcast_typing	src/services/discord/router/message_handler/typing_indicator.rs	-	-
one-level	A	cancel_meeting	src/services/discord/meeting_orchestrator/lifecycle.rs	-	-
one-level	A	channel_info	src/server/routes/discord.rs	-	-
one-level	A	channel_messages	src/server/routes/discord.rs	-	-
stop	A	channels	src/services/onboarding/channel.rs	-	-
stop	A	clear_orphan_pending_tui_anchor	src/services/discord/turn_view_reconciler/orphan_sweep.rs	-	-
one-level	A	clear_specific_idle_recap_card	src/services/discord/idle_recap.rs	-	-
one-level	A	close_model_picker_interaction	src/services/discord/model_picker_interaction.rs	-	-
one-level	A	collect_turn_stream_until_terminal	src/services/discord/tmux_watcher/turn_stream_collector.rs	-	-
one-level	A	commit_soft_intervention_transaction	src/services/discord/router/intake_queue_transaction.rs	-	-
one-level	A	complete_issue_announcement_pg	src/services/issue_announcements.rs	-	-
stop	A	compose_api_router	src/server/routes/mod.rs	-	-
one-level	A	conclude_meeting	src/services/discord/meeting_orchestrator/records.rs	-	-
one-level	A	consume_codex_goal_lifecycle_command	src/services/discord/router/message_handler/goal_lifecycle.rs	-	-
one-level	A	create	src/cli/discord_thread_create.rs	-	-
one-level	A	create_issue_announcement_pg	src/services/issue_announcements.rs	-	-
one-level	A	create_meeting_thread	src/services/discord/meeting_orchestrator/selection_runtime.rs	-	-
one-level	A	create_routine_thread	src/services/routines/agent_executor.rs	-	-
one-level	A	discard_pending_current_message_candidate	src/services/discord/turn_bridge/stream_tick/guarded_persist.rs	-	-
stop	A	dispatch_outbox_loop	src/services/dispatches/outbox_queue.rs	-	-
one-level	A	dispatch_queued_turn	src/services/discord/gateway.rs	-	-
stop	A	dispatch_text_intake	src/services/discord/router/intake_dispatch.rs	-	-
one-level	A	dispose_ownerless_row	src/services/discord/recovery_engine/restore_inflight/kickoff_identity.rs	-	-
one-level	A	drain	src/services/discord/status_panel_orphan_store.rs	-	-
stop	A	drain_on_terminal_commit	src/services/discord/tui_direct_abort_marker/drain.rs	-	-
one-level	A	drain_on_terminal_commit_with_offset	src/services/discord/tui_direct_abort_marker/drain.rs	-	-
one-level	A	drain_on_terminal_commit_with_offsets	src/services/discord/tui_direct_abort_marker/drain.rs	-	-
stop	A	emit_escalation	src/server/routes/escalation.rs	-	-
one-level	A	emit_escalation_with_base_url	src/server/routes/escalation.rs	-	-
one-level	A	enforce_slash_command_policy	src/services/discord/commands/mod.rs	-	-
stop	A	ensure_active_incarnation	src/services/discord/placeholder_controller.rs	-	-
one-level	A	ensure_active_incarnation_inner	src/services/discord/placeholder_controller.rs	-	-
stop	A	ensure_active_inner	src/services/discord/placeholder_controller.rs	-	-
one-level	A	ensure_bridge_current_message_anchor	src/services/discord/turn_bridge/current_message_anchor.rs	-	-
stop	A	ensure_card	src/services/discord/task_notification_delivery/mod.rs	-	-
one-level	A	ensure_card_with_metadata	src/services/discord/task_notification_delivery/mod.rs	-	-
stop	A	ensure_card_with_shared	src/services/discord/task_notification_delivery/mod.rs	-	-
stop	A	ensure_channel_is_role_mapped	src/server/routes/discord.rs	-	-
one-level	A	ensure_queued	src/services/discord/placeholder_controller.rs	-	-
stop	A	establish_bridge_entry_authority	src/services/discord/turn_bridge/bridge_entry_persist.rs	-	-
stop	A	establish_tui_direct_synthetic_lifecycle_anchor	src/services/discord/tui_prompt_relay/synthetic_start_wiring.rs	-	-
stop	A	execute_intake_turn_core	src/services/discord/router/message_handler/intake_turn/worker_entry.rs	-	-
one-level	A	fetch_discord_channel_info	src/server/routes/discord.rs	-	-
stop	A	finalize_and_drain_queued_turns	src/services/discord/turn_bridge/finalize_epilogue.rs	-	-
one-level	A	finalize_enqueue	src/services/discord/router/message_handler/busy_retry.rs	-	-
stop	A	finish_admitted_local	src/services/discord/router/message_handler.rs	-	-
one-level	A	finish_idle_bridge_completion	src/services/discord/tui_prompt_relay/claude_idle_bridge.rs	-	-
one-level	A	finish_text_intake_admission	src/services/discord/router/intake_dispatch.rs	-	-
one-level	A	flush_restart_reports	src/services/discord/restart_report.rs	-	-
one-level	A	handle_completed_dispatch_followups_internal	src/services/dispatches/outbox_route.rs	-	-
stop	A	handle_completed_dispatch_followups_with_pg	src/services/dispatches/outbox_route.rs	-	-
stop	A	handle_dcserver	src/cli/dcserver.rs	-	-
one-level	A	handle_event	src/services/discord/router/intake_gate.rs	-	-
one-level	A	handle_idle_recap_clear_interaction	src/services/discord/idle_recap_interaction.rs	-	-
one-level	A	handle_idle_recap_compact_interaction	src/services/discord/idle_recap_interaction.rs	-	-
one-level	A	handle_idle_recap_interaction	src/services/discord/idle_recap_interaction.rs	-	-
one-level	A	handle_idle_recap_suggest_interaction	src/services/discord/idle_recap_interaction.rs	-	-
one-level	A	handle_known_owner	src/services/discord/turn_bridge/terminal_outcome_delivery/foreign_terminal_handoff.rs	-	-
one-level	A	handle_meeting_command	src/services/discord/meeting_orchestrator.rs	-	-
stop	A	handle_model_picker_component_if_applicable	src/services/discord/router/intake_gate/component_events.rs	-	-
one-level	A	handle_model_picker_interaction	src/services/discord/model_picker_interaction.rs	-	-
one-level	A	handle_no_result_exits	src/services/discord/tmux_watcher/no_result_exits.rs	-	-
one-level	A	handle_node_picker_interaction	src/services/discord/commands/node.rs	-	-
stop	A	handle_progress_event	src/services/discord/voice_barge_in/progress_playback.rs	-	-
one-level	A	handle_race_loss_enqueue	src/services/discord/router/message_handler/intake_turn/race_loss.rs	-	-
one-level	A	handle_recovery_retry	src/services/discord/turn_bridge/terminal_outcome_delivery/recovery_retry.rs	-	-
stop	A	handle_rejoin_request	src/services/discord/voice_lifecycle.rs	-	-
one-level	A	handle_runtime_handoff_loop_message	src/services/discord/turn_bridge/runtime_handoff_loop.rs	-	-
one-level	A	handle_shell_command_raw	src/services/discord/router/message_handler/control.rs	-	-
one-level	A	handle_sidecar_interaction	src/services/discord/sidecar_interaction.rs	-	-
one-level	A	handle_stream_task_notification	src/services/discord/turn_bridge/stream_loop/tool_arms/task_notification.rs	-	-
one-level	A	handle_stream_tool_message	src/services/discord/turn_bridge/stream_loop/tool_arms.rs	-	-
one-level	A	handle_terminal_abort_exits	src/services/discord/tmux_watcher/terminal_abort_exits.rs	-	-
stop	A	handle_text_command	src/services/discord/router/message_handler/control.rs	-	-
one-level	A	handle_text_command_with_uploads	src/services/discord/commands/text_commands.rs	-	-
one-level	A	handle_text_message	src/services/discord/router/message_handler/intake_turn.rs	-	-
one-level	A	handle_vc_text_command	src/services/discord/commands/voice.rs	-	-
one-level	A	handle_watcher_runtime_handoff	src/services/discord/turn_bridge/runtime_handoff_loop/watcher_handoff.rs	-	-
stop	A	kick_idle_queue_channel_if_context_available	src/services/discord/queue_io.rs	-	-
one-level	A	kickoff_idle_queue_channel	src/services/discord/queue_dispatch/kickoff.rs	-	-
stop	A	kickoff_idle_queues_with_deps	src/services/discord/queue_dispatch/kickoff.rs	-	-
one-level	A	load_channels	src/services/onboarding/channel.rs	-	-
stop	A	log_run_js_action	src/services/routines/discord_log.rs	-	-
stop	A	log_run_js_inputs	src/services/routines/discord_log.rs	-	-
stop	A	log_run_outcome	src/services/routines/discord_log.rs	-	-
one-level	A	log_run_section	src/services/routines/discord_log.rs	-	-
stop	A	log_run_started	src/services/routines/discord_log.rs	-	-
stop	A	mailbox_cancel_queued_primary_message	src/services/discord/queue_io.rs	-	-
stop	A	mailbox_clear_channel	src/services/discord/mod.rs	-	-
stop	A	mailbox_enqueue_intervention	src/services/discord/mod.rs	-	-
stop	A	mailbox_finish_cancelled_turn	src/services/discord/mailbox_finish.rs	-	-
stop	A	mailbox_finish_owned_turn	src/services/discord/mailbox_finish.rs	-	-
stop	A	mailbox_finish_turn	src/services/discord/mailbox_finish.rs	-	-
stop	A	mailbox_finish_turn_if_matches	src/services/discord/mailbox_finish.rs	-	-
stop	A	mailbox_finish_turn_if_matches_episode_started_before_inner	src/services/discord/mailbox_finish.rs	-	-
stop	A	mailbox_front_requeue_outcome	src/services/discord/queue_dispatch.rs	-	-
stop	A	mailbox_has_pending_soft_queue	src/services/discord/mod.rs	-	-
stop	A	mailbox_take_soft_intervention	src/services/discord/queue_dispatch.rs	-	-
stop	A	mailbox_try_start_turn_ordered	src/services/discord/queue_io/turn_admission.rs	-	-
one-level	A	maybe_recover_completed_stale_leak	src/services/discord/health/recovery.rs	-	-
one-level	A	meeting_status	src/services/discord/meeting_orchestrator/lifecycle.rs	-	-
one-level	A	mirror_progress_line	src/services/discord/voice_barge_in/progress_playback.rs	-	-
one-level	A	note_background_refresh_due	src/services/discord/footer_view_reconciler/mod.rs	-	-
stop	A	note_busy_tui_pre_submit_queue_pending	src/services/discord/router/message_handler/intake_turn/race_loss/mailbox_reaction.rs	-	-
one-level	A	note_exit_feedback_added	src/services/discord/queue_marker.rs	-	-
stop	A	note_intake_queue_marker_removed	src/services/discord/turn_view_reconciler/api.rs	-	-
stop	A	note_intake_start_rolled_back_to_queued	src/services/discord/turn_view_reconciler/api.rs	-	-
stop	A	note_intake_turn_cleared_if_attempt_matches	src/services/discord/turn_view_reconciler/api.rs	-	-
stop	A	note_intake_turn_started_with_attempt	src/services/discord/turn_view_reconciler/api.rs	-	-
stop	A	note_intake_turn_via_shared	src/services/discord/turn_view_reconciler/api.rs	-	-
stop	A	note_queue_marker_added	src/services/discord/turn_view_reconciler.rs	-	-
one-level	A	note_queue_marker_removed	src/services/discord/turn_view_reconciler.rs	-	-
one-level	A	note_queue_pending	src/services/discord/router/message_handler/intake_turn/race_loss/mailbox_reaction.rs	-	-
stop	A	note_removed_via_shared_generation	src/services/discord/queue_marker.rs	-	-
one-level	A	note_start_rolled_back_to_queued	src/services/discord/turn_view_reconciler.rs	-	-
one-level	A	note_state	src/services/discord/turn_view_reconciler/resolution.rs	-	-
stop	A	note_turn_cleared	src/services/discord/turn_view_reconciler.rs	-	-
one-level	A	note_turn_cleared_if_attempt_matches	src/services/discord/turn_view_reconciler.rs	-	-
stop	A	note_turn_completed	src/services/discord/turn_view_reconciler.rs	-	-
stop	A	note_turn_failed	src/services/discord/turn_view_reconciler.rs	-	-
stop	A	note_turn_started	src/services/discord/turn_view_reconciler.rs	-	-
one-level	A	note_turn_started_with_attempt	src/services/discord/turn_view_reconciler.rs	-	-
one-level	A	poll_watcher_output_or_continue	src/services/discord/tmux_watcher/loop_poll_prologue.rs	-	-
stop	A	prepare_admitted_live_attachments	src/services/discord/router/intake_dispatch/attachment.rs	-	-
one-level	A	prepare_admitted_local_attachment	src/services/discord/router/message_handler/attachments.rs	-	-
stop	A	process_completed_utterance	src/services/discord/voice_barge_in/utterance_pipeline.rs	-	-
one-level	A	process_outbox_batch_with_pg	src/services/dispatches/outbox_queue.rs	-	-
stop	A	queue_open_alert_once_with_enqueue	src/services/discord/relay_recovery_circuit_breaker.rs	-	-
one-level	A	queue_or_resume_open_alert_with_enqueue	src/services/discord/relay_recovery_circuit_breaker.rs	-	-
stop	A	rebind_inflight_for_channel_inner	src/services/discord/recovery_engine/manual_rebind/mod.rs	-	-
one-level	A	reclaim_frozen_panels	src/services/discord/startup_reclaim.rs	-	-
one-level	A	reclaim_orphan_placeholders	src/services/discord/startup_reclaim.rs	-	-
one-level	A	reconcile_confirmed_preview	src/services/discord/tmux_watcher/committed_placeholder_cleanup.rs	-	-
one-level	A	reconcile_terminal_ui_obligation	src/services/discord/terminal_ui_obligation.rs	-	-
stop	A	recover_idle_partial_response	src/services/discord/recovery_engine/idle_captured_response.rs	-	-
one-level	A	recover_idle_partial_response_from_ready_source	src/services/discord/recovery_engine/idle_captured_response.rs	-	-
stop	A	redrive_undelivered_backlog	src/services/discord/health/relay_auto_heal.rs	-	-
one-level	A	redrive_undelivered_backlog_at	src/services/discord/health/relay_auto_heal.rs	-	-
one-level	A	remove_legacy_queue_reactions	src/services/discord/turn_view_reconciler/apply.rs	-	-
stop	A	render_channel_monitoring_from_registry	src/services/discord/monitoring_status.rs	-	-
one-level	A	render_channel_monitoring_from_store	src/services/discord/monitoring_status.rs	-	-
one-level	A	render_visible_queued_ack	src/services/discord/router/intake_gate/queue_effects.rs	-	-
one-level	A	request_generate	src/services/auto_queue/route_request_generate.rs	-	-
one-level	A	requeue_claude_tui_followup_pre_submit_timeout	src/services/discord/turn_bridge/followup_requeue.rs	-	-
stop	A	requeue_if_needed	src/services/discord/turn_bridge/followup_requeue.rs	-	-
stop	A	reset_slot_thread_bindings_excluding_pg	src/services/auto_queue/runtime.rs	-	-
one-level	A	resolve	src/services/discord/router/message_handler/pre_admission_control.rs	-	-
stop	A	resolve_or_create_log_thread	src/services/routines/discord_log.rs	-	-
stop	A	resolve_or_create_routine_thread	src/services/routines/agent_executor.rs	-	-
one-level	A	resolve_tui_direct_synthetic_lifecycle_anchor	src/services/discord/tui_prompt_relay/synthetic_start_wiring.rs	-	-
one-level	A	restore_inflight_turns	src/services/discord/recovery_engine/restore_inflight.rs	-	-
stop	A	restore_queued_and_inflight_work	src/services/discord/runtime_bootstrap/queued_recovery.rs	-	-
one-level	A	restore_tmux_watchers	src/services/discord/watchers/lifecycle/restore.rs	-	-
stop	A	resume_aborted_restart_turn	src/services/discord/tmux_restart_handoff.rs	-	-
stop	A	resume_payload_with_gateway	src/services/discord/turn_bridge/terminal_outcome_delivery/foreign_terminal_handoff.rs	-	-
one-level	A	resume_with_gateway	src/services/discord/turn_bridge/terminal_outcome_delivery/foreign_terminal_handoff.rs	-	-
one-level	A	retry_failed_dm_notifications	src/services/discord/discord_io.rs	-	-
one-level	A	reuse_bound_busy_notice	src/services/discord/router/message_handler/intake_turn/placeholder_handoff.rs	-	-
one-level	A	route_recovery_skip	src/services/discord/recovery_engine/routing_orphan.rs	-	-
one-level	A	router	src/server/routes/domains/integrations.rs	-	-
one-level	A	run_bot	src/services/discord/runtime_bootstrap.rs	-	-
one-level	A	run_bot_framework_setup	src/services/discord/runtime_bootstrap/framework_setup.rs	-	-
stop	A	run_bot_spawn_recovery_and_flush_restart_reports	src/services/discord/runtime_bootstrap/recovery_flush.rs	-	-
stop	A	run_bot_spawn_voice_auto_join	src/services/discord/runtime_bootstrap/voice.rs	-	-
stop	A	run_bot_start_gateway_runtime	src/services/discord/runtime_bootstrap/gateway_runtime.rs	-	-
one-level	A	run_bridge_stream_tick	src/services/discord/turn_bridge/stream_tick.rs	-	-
one-level	A	run_claude_passthrough	src/services/discord/commands/tui_passthrough.rs	-	-
one-level	A	run_completion_postlude	src/services/discord/turn_bridge/completion_postlude.rs	-	-
one-level	A	run_delayed_reclaim_pass	src/services/discord/startup_reclaim.rs	-	-
one-level	A	run_meeting_round	src/services/discord/meeting_orchestrator/rounds.rs	-	-
one-level	A	run_model_command	src/services/discord/commands/model_picker.rs	-	-
one-level	A	run_native_typing_indicator	src/services/discord/router/message_handler/typing_indicator.rs	-	-
one-level	A	run_orphan_token_auto_heal_pass	src/services/discord/health/relay_auto_heal.rs	-	-
one-level	A	run_pre_emit_guard	src/services/discord/tmux_watcher/pre_emit_guard.rs	-	-
one-level	A	run_recovery	src/services/discord/commands/recovery_ops.rs	-	-
one-level	A	run_rejoin_loop	src/services/discord/voice_lifecycle.rs	-	-
one-level	A	run_restart	src/services/discord/commands/restart.rs	-	-
one-level	A	run_skill_slash_command	src/services/discord/commands/skill.rs	-	-
stop	A	run_stall_watchdog_pass	src/services/discord/health/recovery.rs	-	-
stop	A	run_stream_loop	src/services/discord/turn_bridge/stream_loop.rs	-	-
stop	A	run_terminal_commit_epilogue	src/services/discord/tmux_watcher/terminal_commit_epilogue.rs	-	-
one-level	A	run_terminal_preflight_prepare	src/services/discord/tmux_watcher/terminal_preflight.rs	-	-
one-level	A	run_terminal_preflight_suppression	src/services/discord/tmux_watcher/terminal_preflight.rs	-	-
one-level	A	save_model_picker_interaction	src/services/discord/model_picker_interaction.rs	-	-
one-level	A	senddm_handler	src/server/routes/health_api.rs	-	-
stop	A	settle_and_reconcile_exit_candidate	src/services/discord/turn_bridge/stream_loop/exit_reconcile.rs	-	-
one-level	A	settle_pending_current_message_candidate_on_loop_exit	src/services/discord/turn_bridge/stream_tick/guarded_persist.rs	-	-
stop	A	spawn_clear_captured_idle_recap_for_channel	src/services/discord/idle_recap.rs	-	-
one-level	A	spawn_direct_start	src/services/discord/meeting_orchestrator/lifecycle.rs	-	-
one-level	A	spawn_spoken_result_playback	src/services/discord/voice_barge_in/final_result_playback.rs	-	-
stop	A	spawn_startup_thread_map_validation	src/services/discord/runtime_bootstrap/orphan_recovery.rs	-	-
one-level	A	spawn_terminal_ui_obligation_sweeper	src/services/discord/terminal_ui_obligation.rs	-	-
stop	A	spawn_turn_bridge	src/services/discord/turn_bridge/bridge_entry_persist.rs	-	-
one-level	A	spawn_turn_bridge_with_pin	src/services/discord/turn_bridge/mod.rs	-	-
stop	A	spawn_typing_indicator_task	src/services/discord/router/message_handler/typing_indicator.rs	-	-
one-level	A	start	src/services/discord/voice_background_driver.rs	-	-
stop	A	start_direct_meeting	src/services/discord/health/headless_turn.rs	-	-
stop	A	start_meeting	src/services/discord/meeting_orchestrator/lifecycle.rs	-	-
one-level	A	start_meeting_with_reviewer	src/services/discord/meeting_orchestrator/lifecycle.rs	-	-
stop	A	start_reserved_headless_turn_with_owner	src/services/discord/router/message_handler/headless_turn.rs	-	-
one-level	A	start_restart_handoff_from_state	src/services/discord/tmux_restart_handoff.rs	-	-
stop	A	start_stage	src/server/worker_registry/registry.rs	-	-
one-level	A	start_worker	src/server/worker_registry/registry.rs	-	-
stop	A	stream_tui_idle_response_with_gateway	src/services/discord/tui_prompt_relay/claude_idle_bridge.rs	-	-
stop	A	sync_issue_announcement	src/services/github_issue_creation.rs	-	-
stop	A	sync_loaded_github_issues_for_repo_pg	src/github/sync.rs	-	-
stop	A	tmux_output_watcher	src/services/discord/tmux_watcher/entry.rs	-	-
one-level	A	tmux_output_watcher_with_restore	src/services/discord/tmux_watcher.rs	-	-
one-level	A	transition	src/services/discord/placeholder_controller.rs	-	-
one-level	A	try_apply	src/services/discord/health/relay_dead_reattach.rs	-	-
one-level	A	try_join_for_provider	src/services/discord/commands/voice.rs	-	-
one-level	A	try_reuse_escalation_thread	src/server/routes/escalation.rs	-	-
one-level	A	try_reuse_thread	src/services/dispatches/discord_delivery/thread_reuse.rs	-	-
one-level	A	update_streaming_status_tick	src/services/discord/tmux_watcher/streaming_status_tick.rs	-	-
one-level	A	validate_channel_thread_maps_on_startup_with_backends	src/services/dispatches/discord_delivery/thread_reuse.rs	-	-
one-level	A	validate_token	src/services/onboarding/channel.rs	-	-
one-level	A	verify_thread_accessible	src/services/discord/router/thread_binding.rs	-	-
one-level	A	voice_join_impl	src/services/discord/commands/voice.rs	-	-
one-level	A	voice_leave_impl	src/services/discord/commands/voice.rs	-	-
one-level	A	wire_tui_direct_synthetic_turn_start	src/services/discord/tui_prompt_relay/synthetic_start_wiring.rs	-	-
stop	B	actor_loop	src/services/discord/turn_finalizer.rs	-	-
stop	B	advance_after_confirmed_post	src/services/discord/session_relay_sink.rs	-	-
one-level	B	advance_offset_for_confirmed_delegated_terminal	src/services/discord/session_relay_sink/delivery_commit.rs	-	-
one-level	B	already_finalized_active_state	src/services/discord/turn_finalizer/cleanup.rs	-	-
one-level	B	apply	src/services/discord/recovery_engine/manual_rebind/mod.rs	-	-
stop	B	apply_bridge_short_replace_controller	src/services/discord/turn_bridge/terminal_controller_cutover.rs	-	-
one-level	B	apply_ownerless_dead_pane_outcome	src/services/discord/recovery_engine/restore_inflight/kickoff_identity.rs	-	-
one-level	B	apply_rebind	src/services/discord/relay_recovery_reattach_apply.rs	-	-
one-level	B	apply_relay_recovery_decision	src/services/discord/relay_recovery/apply.rs	-	-
stop	B	apply_relay_recovery_plan_with_seams	src/services/discord/relay_recovery_auto_heal_apply.rs	-	-
one-level	B	apply_undeliverable_relay_disposition	src/services/discord/recovery_paths/restart.rs	-	-
one-level	B	apply_watcher_direct_fallback_send	src/services/discord/tmux_watcher/terminal_direct_fallback.rs	-	-
stop	B	apply_watcher_short_replace_controller	src/services/discord/tmux_watcher/terminal_send.rs	-	-
one-level	B	attach_paused_turn_watcher_for_inflight	src/services/discord/router/message_handler/watchdog.rs	-	-
stop	B	auto_restore_session_force	src/services/discord/session_runtime.rs	-	-
one-level	B	bootstrap_thread_session	src/services/discord/session_runtime.rs	-	-
one-level	B	capture	src/services/discord/tui_prompt_relay/synthetic_start/bridge_handoff.rs	-	-
stop	B	channel_has_unrelayed_idle_tmux_tail_answer	src/services/discord/relay_recovery/idle_tmux.rs	-	-
one-level	B	claim	src/services/discord/turn_lease.rs	-	-
one-level	B	claim_normal_episode	src/services/discord/turn_finalizer/episode.rs	-	-
stop	B	claim_tui_direct_synthetic_turn_inner	src/services/discord/tui_prompt_relay/synthetic_start/claim.rs	-	-
one-level	B	claim_tui_direct_synthetic_turn_prepared	src/services/discord/tui_prompt_relay/synthetic_start.rs	-	-
stop	B	classify_channel_stale_active_turn_proof	src/services/discord/router/intake_gate/stale_turn.rs	-	-
stop	B	collect_rotation_idle_evidence	src/services/discord/tmux_watcher/jsonl_rotation/idle_gate.rs	-	-
stop	B	collect_turn_stream_until_terminal	src/services/discord/tmux_watcher/turn_stream_collector.rs	-	-
stop	B	complete_bridge_terminal_footer_or_status_panel_with_sniffer	src/services/discord/turn_bridge/single_message_footer.rs	-	-
stop	B	complete_force_clean_watcher_recovery	src/services/discord/health/watcher_respawn.rs	-	-
stop	B	complete_recovery_visible_turn	src/services/discord/recovery_engine/completion_delivery.rs	-	-
one-level	B	complete_recovery_visible_turn_with_sniffer	src/services/discord/recovery_engine/completion_delivery.rs	-	-
one-level	B	complete_standby_inflight_state	src/services/discord/standby_relay.rs	-	-
stop	B	complete_status_panel_v2	src/services/discord/turn_bridge/status_panel.rs	-	-
one-level	B	complete_status_panel_v2_on_surface	src/services/discord/turn_bridge/status_panel.rs	-	-
stop	B	complete_status_panel_v2_with_http	src/services/discord/turn_bridge/status_panel.rs	-	-
stop	B	completion_target	src/services/discord/recovery_engine/status_panel.rs	-	-
stop	B	compose_api_router	src/server/routes/mod.rs	-	-
one-level	B	create_bridge_two_message_status_panel_below_answer	src/services/discord/turn_bridge/two_message_panel.rs	-	-
stop	B	current_drain_ownership	src/services/discord/abandon_request_store.rs	-	-
stop	B	current_inflight_matches	src/services/discord/session_relay_sink/delivery_frontier.rs	-	-
one-level	B	defer_synthetic_turn_start	src/services/discord/tui_prompt_relay/synthetic_start.rs	-	-
stop	B	deliver_new_message_with_task_authority	src/services/discord/session_relay_sink/task_notification_context.rs	-	-
stop	B	deliver_response	src/services/discord/session_relay_sink.rs	-	-
one-level	B	deliver_short_replace_via_controller	src/services/discord/session_relay_sink/short_controller.rs	-	-
stop	B	demote_stale_foreign_inflight_if_current	src/services/discord/tui_direct_pending_start.rs	-	-
stop	B	dispatch_resume_previous	src/services/session_resume.rs	-	-
stop	B	drain	src/services/discord/status_panel_orphan_store.rs	-	-
one-level	B	drop	src/services/discord/turn_bridge/guards.rs	-	-
stop	B	emit_context_compacted_lifecycle_for_inflight	src/services/discord/adk_session.rs	-	-
stop	B	enqueue_terminal_status_panel_reconcile	src/services/discord/turn_finalizer/cleanup.rs	-	-
one-level	B	ensure_bridge_current_message_anchor	src/services/discord/turn_bridge/current_message_anchor.rs	-	-
stop	B	ensure_cancel_token_bound_from_inflight	src/services/discord/mod.rs	-	-
stop	B	ensure_card_with_shared	src/services/discord/task_notification_delivery/mod.rs	-	-
one-level	B	ensure_monitor_auto_turn_inflight	src/services/discord/tmux/monitor_auto_turn_inflight.rs	-	-
one-level	B	ensure_provider_worktree_isolation	src/services/discord/router/message_handler/provider_isolation.rs	-	-
one-level	B	establish_bridge_entry_authority	src/services/discord/turn_bridge/bridge_entry_persist.rs	-	-
stop	B	evaluate	src/services/discord/destructive_cancel_gate.rs	-	-
stop	B	execute_intake_turn_core	src/services/discord/router/message_handler/intake_turn/worker_entry.rs	-	-
one-level	B	fence_restart_visible_mutation	src/services/discord/turn_bridge/stream_loop/tool_arms/authority.rs	-	-
one-level	B	fence_terminal_tool_result_transition	src/services/discord/turn_bridge/stream_loop/tool_arms/authority.rs	-	-
stop	B	finish_admitted_local	src/services/discord/router/message_handler.rs	-	-
stop	B	finish_failed_codex_idle_reader	src/services/discord/tui_prompt_relay/codex_idle_rollout.rs	-	-
one-level	B	finish_sink_delivery	src/services/discord/session_relay_sink/delivery_frontier.rs	-	-
one-level	B	finish_tui_direct_synthetic_turn_if_current	src/services/discord/tui_prompt_relay/synthetic_start.rs	-	-
stop	B	force_kill_provider_channel_runtime	src/services/discord/health/recovery.rs	-	-
stop	B	force_kill_turn_with_cancel_event	src/services/turn_lifecycle.rs	-	-
one-level	B	gate_backstop	src/services/discord/turn_finalizer/finalize_context.rs	-	-
stop	B	guard_readopt_relay_resume_or_dead_letter	src/services/discord/recovery_engine/crash_resume_guard.rs	-	-
one-level	B	handle_cancel_prompt_replace	src/services/discord/turn_bridge/terminal_outcome_delivery/cancel_prompt_replace.rs	-	-
stop	B	handle_dcserver	src/cli/dcserver.rs	-	-
one-level	B	handle_delivery_epilogue	src/services/discord/turn_bridge/terminal_outcome_delivery/delivery_epilogue.rs	-	-
stop	B	handle_empty_response_and_busy_requeue	src/services/discord/turn_bridge/terminal_outcome_delivery/busy_followup_retry.rs	-	-
one-level	B	handle_empty_response_recovery	src/services/discord/turn_bridge/terminal_outcome_delivery/empty_response_recovery/handler.rs	-	-
one-level	B	handle_event	src/services/discord/router/intake_gate.rs	-	-
one-level	B	handle_no_result_exits	src/services/discord/tmux_watcher/no_result_exits.rs	-	-
one-level	B	handle_rebind_inflight	src/services/discord/health/recovery.rs	-	-
one-level	B	handle_recovery_retry	src/services/discord/turn_bridge/terminal_outcome_delivery/recovery_retry.rs	-	-
one-level	B	handle_runtime_handoff_loop_message	src/services/discord/turn_bridge/runtime_handoff_loop.rs	-	-
one-level	B	handle_stream_content_message	src/services/discord/turn_bridge/stream_loop/content_arms.rs	-	-
stop	B	handle_stream_tool_message	src/services/discord/turn_bridge/stream_loop/tool_arms.rs	-	-
one-level	B	handle_terminal	src/services/discord/turn_finalizer/terminal_handler.rs	-	-
stop	B	handle_terminal_abort_exits	src/services/discord/tmux_watcher/terminal_abort_exits.rs	-	-
one-level	B	handle_text_message	src/services/discord/router/message_handler/intake_turn.rs	-	-
one-level	B	handle_watcher_runtime_handoff	src/services/discord/turn_bridge/runtime_handoff_loop/watcher_handoff.rs	-	-
stop	B	heal_stale_busy_mailbox	src/services/discord/tmux_reaper.rs	-	-
one-level	B	heal_stale_busy_mailbox_with_probe	src/services/discord/tmux_reaper.rs	-	-
stop	B	idle_queue_channel_has_kickable_backlog	src/services/discord/mod.rs	-	-
one-level	B	idle_queue_snapshot_has_kickable_backlog	src/services/discord/mod.rs	-	-
one-level	B	idle_queue_take_next_soft_if_ready	src/services/discord/mod.rs	-	-
stop	B	idle_tmux_repair_ready_for_input_with_pane_probe	src/services/discord/relay_recovery/idle_tmux.rs	-	-
stop	B	infer_inflight_tmux_session_for_channel	src/services/discord/mod.rs	-	-
stop	B	inflight_episode_lookup_for_tmux_name	src/services/discord/zombie_foreground_release.rs	-	-
stop	B	inflight_has_active_turn	src/services/discord/idle_recap.rs	-	-
stop	B	inflight_state_allows_idle_tmux_repair	src/services/discord/inflight.rs	-	-
stop	B	kickoff_idle_queue_channel	src/services/discord/queue_dispatch/kickoff.rs	-	-
one-level	B	load_inflight_state	src/services/discord/inflight.rs	-	-
one-level	B	load_inflight_states_for_probe_from_root	src/services/discord/inflight/removal.rs	-	-
stop	B	load_inflight_states_from_root	src/services/discord/inflight/removal.rs	-	-
stop	B	load_matching_inflight_state	src/services/discord/turn_end_wip_warning.rs	-	-
stop	B	maybe_create_bridge_separate_status_panel_response	src/services/discord/turn_bridge/single_message_footer.rs	-	-
one-level	B	maybe_recover_completed_stale_leak	src/services/discord/health/recovery.rs	-	-
one-level	B	maybe_spawn_claude_idle_response_tail	src/services/discord/tui_prompt_relay/claude_idle_tail.rs	-	-
stop	B	pending_start_claim_fn	src/services/discord/tui_prompt_relay/synthetic_start.rs	-	-
stop	B	pending_start_reclaim_orphan_fn	src/services/discord/tui_prompt_relay/synthetic_orphan_reclaim.rs	-	-
one-level	B	perform_resume_rebind	src/services/session_resume.rs	-	-
one-level	B	poll_watcher_output_or_continue	src/services/discord/tmux_watcher/loop_poll_prologue.rs	-	-
stop	B	prepare_admitted_live_attachments	src/services/discord/router/intake_dispatch/attachment.rs	-	-
stop	B	prepare_turn_completed_footer	src/services/discord/footer_view_reconciler/mod.rs	-	-
stop	B	preregister_watcher_two_message_panel_orphan	src/services/discord/tmux_watcher/two_message_panel.rs	-	-
stop	B	provider_native_output_offset_for_stop	src/services/discord/tmux_kill_policy.rs	-	-
stop	B	race_loss_requeue_snapshot_has_idle_kickable_backlog	src/services/discord/queue_io.rs	-	-
one-level	B	reacquire_watcher_inflight_for_active_stream	src/services/discord/tmux_watcher/liveness.rs	-	-
one-level	B	reclaim_orphan_external_input_placeholder	src/services/discord/tmux_watcher/placeholder_reclaim.rs	-	-
one-level	B	reclaim_orphan_inflight_owner	src/services/discord/tui_prompt_relay/synthetic_orphan_reclaim.rs	-	-
one-level	B	reclaim_orphaned_session_bound_relay_if_dead	src/services/discord/session_relay_sink/orphan_reclaim.rs	-	-
stop	B	reclaim_watcherless_session_bound_relay	src/services/discord/health/watcher_respawn.rs	-	-
one-level	B	reclaim_watcherless_session_bound_relay_owner	src/services/discord/inflight/orphan_relay_reclaim.rs	-	-
one-level	B	reconcile	src/services/discord/turn_finalizer/reconcile.rs	-	-
stop	B	reconcile_confirmed_preview	src/services/discord/tmux_watcher/committed_placeholder_cleanup.rs	-	-
stop	B	reconcile_orphan_suppressed_placeholder_for_restored_watcher	src/services/discord/tmux.rs	-	-
one-level	B	reconstruct_managed_worktree_metadata	src/services/discord/session_runtime/worktree.rs	-	-
stop	B	reconstruct_unowned_managed_worktree	src/services/discord/router/message_handler/provider_isolation.rs	-	-
stop	B	record_claim_marker_if_watcher_owned	src/services/discord/tui_direct_pending_start/state.rs	-	-
stop	B	record_successful_fresh_send	src/services/discord/recovery_engine/terminal_text_idempotency.rs	-	-
one-level	B	record_successful_fresh_send_with_snapshot	src/services/discord/recovery_engine/terminal_text_idempotency.rs	-	-
stop	B	recorded_inflight_tmux_session_name	src/services/discord/tmux_reaper.rs	-	-
one-level	B	recover_committed_anchor_repost	src/services/discord/recovery_paths/restart.rs	-	-
stop	B	recover_idle_partial_response	src/services/discord/recovery_engine/idle_captured_response.rs	-	-
one-level	B	recover_idle_partial_response_from_ready_source	src/services/discord/recovery_engine/idle_captured_response.rs	-	-
stop	B	recover_two_message_panel	src/services/discord/recovery_engine/two_message_panel.rs	-	-
one-level	B	recover_two_message_panel_with_gateway	src/services/discord/recovery_engine/two_message_panel.rs	-	-
stop	B	redrive_episode	src/services/discord/health/relay_auto_heal.rs	-	-
stop	B	redrive_undelivered_backlog	src/services/discord/health/relay_auto_heal.rs	-	-
one-level	B	redrive_undelivered_backlog_at	src/services/discord/health/relay_auto_heal.rs	-	-
one-level	B	register_exec_ops	src/engine/ops/exec_ops.rs	-	-
stop	B	register_globals_pg_only	src/engine/ops.rs	-	-
stop	B	relay_idle_claude_bindings	src/services/discord/tui_prompt_relay/claude_idle_runtime.rs	-	-
stop	B	relay_observed_prompt	src/services/discord/tui_prompt_relay.rs	-	-
stop	B	relay_recovery_probe_snapshot_for_owner	src/services/discord/relay_recovery/idle_tmux.rs	-	-
one-level	B	release_queue_blocked_stale_active_turn	src/services/discord/router/intake_gate/stale_turn.rs	-	-
stop	B	release_reclaimable_stale_synthetic_mailbox_owner_if_current	src/services/discord/tui_prompt_relay/synthetic_start/stale_reclaim.rs	-	-
stop	B	release_restored_watcher_active_turn_before_panel_edit	src/services/discord/tmux_watcher/completion_producer.rs	-	-
stop	B	release_stale_ownerless_tui_direct_mailbox_if_current	src/services/discord/tui_prompt_relay/synthetic_start/stale_reclaim.rs	-	-
stop	B	reregister_active_turn_from_inflight	src/services/discord/recovery_engine/runtime.rs	-	-
one-level	B	reregister_active_turn_from_inflight_inner	src/services/discord/recovery_engine/runtime.rs	-	-
stop	B	reregister_active_turn_from_inflight_under_episode_guard	src/services/discord/recovery_engine/runtime.rs	-	-
stop	B	resolve_terminal_ui_session	src/services/discord/terminal_ui_obligation.rs	-	-
stop	B	resolve_tmux_session_for_cancel	src/services/discord/health/recovery.rs	-	-
one-level	B	respawn_watcher_after_force_clean	src/services/discord/health/watcher_respawn.rs	-	-
one-level	B	restore_codex_rollout_output_path	src/services/discord/recovery_engine/restore_persist_outcome.rs	-	-
stop	B	restore_delivery_position	src/services/discord/tmux_watcher/entry.rs	-	-
one-level	B	restore_inflight_turns	src/services/discord/recovery_engine/restore_inflight.rs	-	-
one-level	B	restore_pending_starts	src/services/discord/tui_prompt_relay/synthetic_start.rs	-	-
one-level	B	restore_queued_and_inflight_work	src/services/discord/runtime_bootstrap/queued_recovery.rs	-	-
stop	B	restore_stream_decoder	src/services/discord/tmux_watcher/utf8_chunk_decoder.rs	-	-
one-level	B	restore_tmux_watchers	src/services/discord/watchers/lifecycle/restore.rs	-	-
stop	B	restore_worker_queues	src/services/discord/runtime_bootstrap/queued_recovery.rs	-	-
stop	B	resume_aborted_restart_turn	src/services/discord/tmux_restart_handoff.rs	-	-
stop	B	retry_pending_watcher_respawn	src/services/discord/health/watcher_respawn.rs	-	-
stop	B	rollout_fallback_for_session	src/services/discord/watchers/codex_tui_restore.rs	-	-
one-level	B	route_recovery_skip	src/services/discord/recovery_engine/routing_orphan.rs	-	-
one-level	B	router	src/server/routes/domains/runtime.rs	-	-
one-level	B	run_bot	src/services/discord/runtime_bootstrap.rs	-	-
stop	B	run_bot_framework_setup	src/services/discord/runtime_bootstrap/framework_setup.rs	-	-
one-level	B	run_bot_spawn_dead_tmux_reaper	src/services/discord/runtime_bootstrap/spawns.rs	-	-
one-level	B	run_bot_spawn_deferred_restart_poller	src/services/discord/runtime_bootstrap/spawns.rs	-	-
stop	B	run_bot_spawn_recovery_and_flush_restart_reports	src/services/discord/runtime_bootstrap/recovery_flush.rs	-	-
one-level	B	run_bot_spawn_sigterm_handler	src/services/discord/runtime_bootstrap/shutdown.rs	-	-
stop	B	run_bot_start_gateway_runtime	src/services/discord/runtime_bootstrap/gateway_runtime.rs	-	-
one-level	B	run_bridge_stream_tick	src/services/discord/turn_bridge/stream_tick.rs	-	-
stop	B	run_codex_idle_response_tail	src/services/discord/tui_prompt_relay/codex_idle_rollout.rs	-	-
one-level	B	run_completion_postlude	src/services/discord/turn_bridge/completion_postlude.rs	-	-
one-level	B	run_heartbeat_sweep_pass_inner	src/services/discord/inflight_heartbeat_sweeper.rs	-	-
stop	B	run_idle_jsonl_relay_loop	src/services/discord/session_relay_sink.rs	-	-
stop	B	run_pass	src/services/discord/idle_detector.rs	-	-
one-level	B	run_placeholder_sweep_pass	src/services/discord/placeholder_sweeper.rs	-	-
one-level	B	run_post_stream_exit	src/services/discord/tmux_watcher/post_stream_exit.rs	-	-
stop	B	run_pre_emit_guard	src/services/discord/tmux_watcher/pre_emit_guard.rs	-	-
one-level	B	run_stall_watchdog_pass	src/services/discord/health/recovery.rs	-	-
one-level	B	run_standby_relay	src/services/discord/standby_relay.rs	-	-
one-level	B	run_stream_loop	src/services/discord/turn_bridge/stream_loop.rs	-	-
one-level	B	run_terminal_outcome_delivery	src/services/discord/turn_bridge/terminal_outcome_delivery.rs	-	-
one-level	B	run_terminal_preflight_prepare	src/services/discord/tmux_watcher/terminal_preflight.rs	-	-
stop	B	run_tui_completion_gate	src/services/discord/tmux_watcher/completion_gate.rs	-	-
stop	B	schedule_post_enqueue_idle_queue_kick	src/services/discord/queue_io.rs	-	-
stop	B	session_bound_terminal_ack_can_reconcile	src/services/discord/tmux_watcher/pre_emit_guard.rs	-	-
stop	B	shadow_mirror_delivered_frontier_inner	src/services/discord/outbound/delivery_record.rs	-	-
one-level	B	spawn_claude_idle_transcript_relay	src/services/discord/tui_prompt_relay/claude_idle_runtime.rs	-	-
one-level	B	spawn_codex_idle_rollout_relay	src/services/discord/tui_prompt_relay/codex_idle_rollout.rs	-	-
stop	B	spawn_heartbeat_sweeper	src/services/discord/inflight_heartbeat_sweeper.rs	-	-
one-level	B	spawn_placeholder_sweeper	src/services/discord/placeholder_sweeper.rs	-	-
stop	B	spawn_stall_watchdog	src/services/discord/health/recovery/stall_watchdog_task.rs	-	-
stop	B	spawn_tui_prompt_relay	src/services/discord/tui_prompt_relay.rs	-	-
stop	B	spawn_turn_bridge	src/services/discord/turn_bridge/bridge_entry_persist.rs	-	-
one-level	B	spawn_turn_bridge_with_pin	src/services/discord/turn_bridge/mod.rs	-	-
one-level	B	stale_busy_mailbox	src/services/discord/turn_finalizer/finalize_context.rs	-	-
one-level	B	stale_mailbox_repair_handler	src/server/routes/health_api.rs	-	-
stop	B	start_reserved_headless_turn	src/services/discord/router/message_handler/headless_turn/entrypoints.rs	-	-
one-level	B	start_reserved_headless_turn_with_owner	src/services/discord/router/message_handler/headless_turn.rs	-	-
one-level	B	start_restart_handoff_from_state	src/services/discord/tmux_restart_handoff.rs	-	-
stop	B	start_voice_headless_turn	src/services/discord/router/message_handler/headless_turn/entrypoints.rs	-	-
one-level	B	stop_provider_channel_runtime_with_policy	src/services/discord/health/recovery.rs	-	-
stop	B	stop_turn_preserving_queue_with_cancel_event	src/services/turn_lifecycle.rs	-	-
one-level	B	stop_turn_with_policy	src/services/turn_lifecycle.rs	-	-
stop	B	stream_tui_idle_response_with_gateway	src/services/discord/tui_prompt_relay/claude_idle_bridge.rs	-	-
one-level	B	submit_committed_foreign_inflight_complete	src/services/discord/tui_direct_pending_start.rs	-	-
one-level	B	submit_stale_foreign_inflight_cancel	src/services/discord/tui_direct_pending_start.rs	-	-
one-level	B	submit_terminal_evidence	src/services/discord/turn_finalizer/episode.rs	-	-
stop	B	submit_terminal_with_claim_snapshot	src/services/discord/turn_finalizer.rs	-	-
stop	B	submit_terminal_with_episode_nonce	src/services/discord/turn_finalizer/episode.rs	-	-
stop	B	synthetic_start_prior_turn_view	src/services/discord/tui_prompt_relay/synthetic_start.rs	-	-
one-level	B	thread_guard_force_clean_stale_thread	src/services/discord/router/intake_gate/stale_turn.rs	-	-
stop	B	tmux_output_watcher	src/services/discord/tmux_watcher/entry.rs	-	-
one-level	B	tmux_output_watcher_with_restore	src/services/discord/tmux_watcher.rs	-	-
one-level	B	try_recover_anchor_repost	src/services/discord/recovery_paths/restart.rs	-	-
stop	B	tui_busy_followup_diagnostic	src/services/discord/router/message_handler/tui_followup.rs	-	-
stop	B	tui_direct_bridge_uncommitted_delivery_error	src/services/discord/tui_prompt_relay/bridge_completion.rs	-	-
stop	B	tui_direct_synthetic_inflight_active_for_prompt	src/services/discord/tui_prompt_relay/synthetic_start.rs	-	-
one-level	B	update_streaming_status_tick	src/services/discord/tmux_watcher/streaming_status_tick.rs	-	-
stop	B	wait_for_tui_direct_synthetic_non_bridge_claim	src/services/discord/tui_prompt_relay/synthetic_start.rs	-	-
stop	B	watcher_backstop_turn_is_terminal	src/services/discord/turn_finalizer/watcher_backstop.rs	-	-
stop	B	watcher_external_input_turn_abandoned	src/services/discord/tmux_watcher/panel_decisions.rs	-	-
stop	B	watcher_should_yield_to_active_bridge_turn	src/services/discord/tmux.rs	-	-
stop	B	wire_tui_direct_synthetic_turn_start	src/services/discord/tui_prompt_relay/synthetic_start_wiring.rs	-	-
stop	C	activate	src/services/auto_queue/activate_route.rs	-	-
stop	C	activate_with_bridge_pg	src/services/auto_queue/fsm.rs	-	-
one-level	C	activate_with_deps_pg	src/services/auto_queue/activate_command.rs	-	-
one-level	C	cancel_and_release_runs_with_pg	src/services/auto_queue/cancel_run.rs	-	-
stop	C	cancel_selected_runs_with_pg	src/services/auto_queue/cancel_run.rs	-	-
one-level	C	consume_codex_goal_lifecycle_command	src/services/discord/router/message_handler/goal_lifecycle.rs	-	-
one-level	C	control_persistent_session	src/services/routines/session_control.rs	-	-
stop	C	control_routine_session	src/server/routes/routines/handlers.rs	-	-
stop	C	end_run_with_pg	src/services/auto_queue/cancel_run.rs	-	-
stop	C	execute_command_streaming	src/services/claude.rs	-	-
stop	C	execute_intake_turn_core	src/services/discord/router/message_handler/intake_turn/worker_entry.rs	-	-
one-level	C	execute_streaming_local_process	src/services/claude/process_session_launch.rs	-	-
one-level	C	execute_streaming_local_process_codex	src/services/codex/process_session_launch.rs	-	-
one-level	C	execute_streaming_local_tmux	src/services/claude.rs	-	-
one-level	C	execute_streaming_local_tui_tmux	src/services/codex.rs	-	-
stop	C	finish_admitted_local	src/services/discord/router/message_handler.rs	-	-
stop	C	force_kill_turn_with_cancel_event	src/services/turn_lifecycle.rs	-	-
stop	C	force_pause_with_pg	src/services/auto_queue/command.rs	-	-
stop	C	handle_event	src/services/discord/router/intake_gate.rs	-	-
one-level	C	handle_idle_recap_interaction	src/services/discord/idle_recap_interaction.rs	-	-
stop	C	handle_text_command	src/services/discord/commands/text_commands.rs	-	-
one-level	C	handle_text_command_with_uploads	src/services/discord/commands/text_commands.rs	-	-
one-level	C	handle_text_message	src/services/discord/router/message_handler/intake_turn.rs	-	-
one-level	C	policy_tick_loop	src/server/mod.rs	-	-
one-level	C	poll_watcher_output_or_continue	src/services/discord/tmux_watcher/loop_poll_prologue.rs	-	-
one-level	C	prepare_and_create_claude_tui_session	src/services/claude/tui_session_launch.rs	-	-
one-level	C	preserve_mtime_after_write	src/services/discord/tmux_session_files.rs	-	-
stop	C	preserve_session_generation_mtime_after_write	src/services/discord/tmux_session_files.rs	-	-
one-level	C	reconcile_managed_tmux_runtime_kind_for_config	src/services/discord/router/message_handler/provider_isolation.rs	-	-
one-level	C	recreate_tmux_session	src/services/discord/commands/control.rs	-	-
stop	C	resolve	src/services/discord/router/message_handler/pre_admission_control.rs	-	-
one-level	C	restore_inflight_turns	src/services/discord/recovery_engine/restore_inflight.rs	-	-
stop	C	restore_queued_and_inflight_work	src/services/discord/runtime_bootstrap/queued_recovery.rs	-	-
one-level	C	restore_tmux_watchers	src/services/discord/watchers/lifecycle/restore.rs	-	-
one-level	C	rewind_output_to_checkpoint	src/services/qwen_tmux_wrapper.rs	-	-
stop	C	run_bot_framework_setup	src/services/discord/runtime_bootstrap/framework_setup.rs	-	-
one-level	C	run_bot_spawn_dead_tmux_reaper	src/services/discord/runtime_bootstrap/spawns.rs	-	-
one-level	C	run_bot_spawn_recovery_and_flush_restart_reports	src/services/discord/runtime_bootstrap/recovery_flush.rs	-	-
one-level	C	run_claude_tui_fresh_turn_and_finalize	src/services/claude.rs	-	-
one-level	C	run_restart	src/services/discord/commands/restart.rs	-	-
stop	C	run_turn	src/services/qwen_tmux_wrapper.rs	-	-
stop	C	stamp_session_generation_marker	src/services/discord/tmux_session_files.rs	-	-
one-level	C	stamp_session_generation_marker_under_source_authority	src/services/discord/tmux_session_files.rs	-	-
stop	C	stamp_spawn_markers	src/services/discord/tmux_session_files.rs	-	-
stop	C	start_reserved_headless_turn	src/services/discord/router/message_handler/headless_turn/entrypoints.rs	-	-
one-level	C	start_reserved_headless_turn_with_owner	src/services/discord/router/message_handler/headless_turn.rs	-	-
stop	C	start_voice_headless_turn	src/services/discord/router/message_handler/headless_turn/entrypoints.rs	-	-
stop	C	start_worker	src/server/worker_registry/registry.rs	-	-
stop	C	stop_turn_preserving_queue_with_cancel_event	src/services/turn_lifecycle.rs	-	-
one-level	C	stop_turn_with_policy	src/services/turn_lifecycle.rs	-	-
one-level	C	terminalize_selected_runs_with_pg	src/services/auto_queue/cancel_run.rs	-	-
stop	C	tmux_output_watcher_with_restore	src/services/discord/tmux_watcher.rs	-	-
one-level	C	write_spawn_nonce	src/services/discord/tmux_session_files.rs	-	-
one-level	D	acquire	src/services/discord/session_relay_sink.rs	-	-
stop	D	acquire_startup_advisory_lock	src/db/postgres.rs	-	-
stop	D	activate	src/services/auto_queue/activate_route.rs	-	-
stop	D	actor_loop	src/services/discord/turn_finalizer.rs	-	-
stop	D	admit_codex_terminal_range_in_root	src/services/discord/inflight/save_store/identity_gate/runtime_stamp.rs	-	-
stop	D	admit_tui_terminal_frame	src/services/discord/inflight/save_store/identity_gate/runtime_stamp.rs	-	-
stop	D	adopt_and_lock_inflight_episode	src/services/discord/inflight/episode_guard.rs	-	-
one-level	D	adopt_claude_continuation_session	src/services/tui_prompt_dedupe/runtime_binding.rs	-	-
one-level	D	adopt_coordinates	src/services/discord/recovery_engine/manual_rebind/coordinate_adoption.rs	-	-
one-level	D	advance	src/services/discord/tmux_watcher/terminal_long_chunks.rs	-	-
one-level	D	advance_after_confirmed_post	src/services/discord/session_relay_sink.rs	-	-
stop	D	advance_codex_tui_runtime_binding_and_marker_offset	src/services/codex_tui/session.rs	-	-
one-level	D	advance_idle_range_after_confirmed_post	src/services/discord/session_relay_sink.rs	-	-
one-level	D	advance_offset_for_confirmed_delegated_terminal	src/services/discord/session_relay_sink/delivery_commit.rs	-	-
one-level	D	advance_tmux_relay_confirmed_end	src/services/discord/turn_bridge/terminal_delivery.rs	-	-
stop	D	advance_tmux_runtime_binding_offset	src/services/tui_prompt_dedupe/runtime_binding.rs	-	-
one-level	D	advance_tmux_runtime_binding_offset_under_source_authority	src/services/tui_prompt_dedupe/runtime_binding.rs	-	-
stop	D	advance_watcher_confirmed_end	src/services/discord/tmux.rs	-	-
stop	D	advance_watcher_confirmed_end_for_generation	src/services/discord/tmux.rs	-	-
one-level	D	advance_watcher_confirmed_end_inner	src/services/discord/tmux.rs	-	-
stop	D	allows	src/services/agent_recovery/admission.rs	-	-
one-level	D	append_completed_turn_if_nonzero	src/services/discord/outbound/delivery_record.rs	-	-
stop	D	apply_bridge_long_chunks_controller	src/services/discord/turn_bridge/terminal_controller_cutover.rs	-	-
one-level	D	apply_bridge_long_chunks_legacy	src/services/discord/turn_bridge/terminal_controller_cutover.rs	-	-
one-level	D	apply_bridge_long_chunks_outcome	src/services/discord/turn_bridge/terminal_controller_cutover.rs	-	-
stop	D	apply_bridge_short_replace_controller	src/services/discord/turn_bridge/terminal_controller_cutover.rs	-	-
stop	D	apply_provider_error	src/services/agent_recovery/durable/provider_errors.rs	-	-
one-level	D	apply_relay_recovery_decision	src/services/discord/relay_recovery/apply.rs	-	-
stop	D	apply_relay_recovery_plan_with_seams	src/services/discord/relay_recovery_auto_heal_apply.rs	-	-
stop	D	apply_undeliverable_relay_disposition	src/services/discord/recovery_paths/restart.rs	-	-
one-level	D	apply_watcher_direct_fallback_send	src/services/discord/tmux_watcher/terminal_direct_fallback.rs	-	-
stop	D	apply_watcher_long_chunks_controller	src/services/discord/tmux_watcher/terminal_long_chunks.rs	-	-
one-level	D	apply_watcher_short_replace_controller	src/services/discord/tmux_watcher/terminal_send.rs	-	-
stop	D	assemble_status_response	src/services/auto_queue.rs	-	-
stop	D	attach_paused_turn_watcher	src/services/discord/router/message_handler/watchdog.rs	-	-
stop	D	attach_paused_turn_watcher_for_inflight	src/services/discord/router/message_handler/watchdog.rs	-	-
one-level	D	attach_paused_turn_watcher_inner	src/services/discord/router/message_handler/watchdog.rs	-	-
one-level	D	begin_fresh	src/services/discord/session_relay_sink/journal.rs	-	-
one-level	D	begin_watcher_terminal	src/services/discord/session_relay_sink/journal/watcher.rs	-	-
stop	D	bind_after_actor_check	src/services/discord/recovery_engine/terminal_text_idempotency.rs	-	-
stop	D	bind_recovery_anchor_for_snapshot	src/services/discord/inflight/save_store/identity_gate.rs	-	-
stop	D	bind_recovery_anchor_if_matches_snapshot	src/services/discord/inflight/save_store/identity_gate.rs	-	-
stop	D	bootstrap	src/services/cluster/node_registry.rs	-	-
stop	D	bridge_terminal_claim_snapshot	src/services/discord/turn_bridge/post_loop_finalize.rs	-	-
stop	D	build_entry_view_pg	src/services/auto_queue.rs	-	-
stop	D	build_health_snapshot	src/services/discord/health/snapshot.rs	-	-
one-level	D	build_health_snapshot_with_options	src/services/discord/health/snapshot.rs	-	-
one-level	D	build_plan	src/services/discord/runtime_bootstrap/relay_dlq_redelivery.rs	-	-
stop	D	build_public_health_snapshot	src/services/discord/health/snapshot.rs	-	-
one-level	D	build_record	src/services/termination_audit.rs	-	-
one-level	D	build_relay_health_snapshot	src/services/discord/health/unpaired_active_token.rs	-	-
stop	D	build_tui_direct_bridge_inflight_state	src/services/discord/tui_prompt_relay/claude_idle_bridge.rs	-	-
one-level	D	build_tui_direct_synthetic_inflight_state	src/services/discord/tui_prompt_relay/synthetic_start/claim.rs	-	-
one-level	D	capture	src/services/discord/compact_turn_authority.rs	-	-
stop	D	capture_dormant	src/services/discord/tui_prompt_relay/synthetic_start/bridge_handoff.rs	-	-
stop	D	capture_idle_tmux_reattach_inflight_clear_pin	src/services/discord/relay_recovery/idle_tmux.rs	-	-
stop	D	capture_idle_tmux_stale_turn_inflight_pin	src/services/discord/health/recovery.rs	-	-
stop	D	captured_terminal_receipt_exists	src/services/discord/recovery_engine/terminal_text_idempotency.rs	-	-
stop	D	channel_inflight_observation	src/services/stale_turn_reconciler.rs	-	-
stop	D	checkpoint	src/services/discord/tmux_watcher/cancel_handoff.rs	-	-
stop	D	claim	src/services/discord/turn_lease.rs	-	-
stop	D	claim_existing_response_delivery	src/services/discord/task_notification_delivery/store/response_fence.rs	-	-
one-level	D	claim_existing_response_delivery_memory	src/services/discord/task_notification_delivery/store/response_fence.rs	-	-
one-level	D	claim_existing_response_delivery_pg	src/services/discord/task_notification_delivery/store/response_fence.rs	-	-
stop	D	claim_normal_episode	src/services/discord/turn_finalizer/episode.rs	-	-
stop	D	claim_response_delivery	src/services/discord/task_notification_delivery/store/response_fence.rs	-	-
one-level	D	claim_response_delivery_pg	src/services/discord/task_notification_delivery/store/response_fence.rs	-	-
stop	D	claim_tui_direct_synthetic_turn	src/services/discord/tui_prompt_relay/synthetic_start/claim.rs	-	-
one-level	D	claim_tui_direct_synthetic_turn_inner	src/services/discord/tui_prompt_relay/synthetic_start/claim.rs	-	-
stop	D	claim_tui_direct_synthetic_turn_prepared	src/services/discord/tui_prompt_relay/synthetic_start.rs	-	-
one-level	D	classify_followup_result	src/services/claude.rs	-	-
stop	D	claude_transcript_committed_offset	src/services/discord/recovery_engine/manual_rebind/adoption.rs	-	-
stop	D	clear_inflight_state_for_reconcile_in_root	src/services/discord/inflight/clear_store/reconcile_gate.rs	-	-
stop	D	clear_inflight_state_for_snapshot	src/services/discord/inflight/clear_store/mod.rs	-	-
stop	D	clear_inflight_state_if_matches_identity_after_delivery	src/services/discord/inflight/clear_store/mod.rs	-	-
one-level	D	clear_inflight_state_if_matches_identity_after_delivery_in_root	src/services/discord/inflight/clear_store/mod.rs	-	-
stop	D	clear_late_projection	src/services/discord/turn_lease.rs	-	-
stop	D	clear_long_running_placeholder_if_matches_identity_in_root	src/services/discord/inflight/save_store/identity_gate/stream_loop_patch.rs	-	-
stop	D	clear_rebind_origin_for_reconcile_in_root	src/services/discord/inflight/clear_store/reconcile_gate.rs	-	-
one-level	D	clear_response_delivery_state	src/services/discord/turn_bridge/retry_state.rs	-	-
one-level	D	codex_tui_idle_relay_binding	src/services/codex.rs	-	-
one-level	D	codex_tui_rehydrated_binding_from_rollout_path	src/services/discord/tui_prompt_relay/rehydration.rs	-	-
one-level	D	collect_rotation_idle_evidence	src/services/discord/tmux_watcher/jsonl_rotation/idle_gate.rs	-	-
one-level	D	collect_turn_stream_until_terminal	src/services/discord/tmux_watcher/turn_stream_collector.rs	-	-
one-level	D	commit	src/services/discord/delivery_lease_cell.rs	-	-
stop	D	commit_after_send	src/services/discord/turn_bridge/terminal_delivery.rs	-	-
one-level	D	commit_after_send_observing	src/services/discord/turn_bridge/terminal_delivery.rs	-	-
one-level	D	commit_and_advance	src/services/discord/turn_bridge/terminal_delivery.rs	-	-
one-level	D	commit_and_finalize	src/services/discord/outbound/turn_output_controller.rs	-	-
one-level	D	commit_episode_side_effects	src/services/discord/recovery_engine/manual_rebind/episode_handoff.rs	-	-
one-level	D	commit_lease	src/services/discord/turn_bridge/terminal_delivery.rs	-	-
one-level	D	commit_legacy_watcher_delivery	src/services/discord/tmux_watcher/terminal_long_chunks.rs	-	-
one-level	D	commit_not_delivered_and_release	src/services/discord/outbound/turn_output_controller.rs	-	-
stop	D	commit_recovery_transition	src/services/agent_recovery/checkpoint.rs	-	-
one-level	D	commit_redrive_success	src/services/discord/health/relay_auto_heal.rs	-	-
stop	D	commit_watcher_terminal_delivery_locked	src/services/discord/inflight/watcher_state.rs	-	-
one-level	D	commit_watcher_terminal_delivery_locked_in_root	src/services/discord/inflight/watcher_state.rs	-	-
stop	D	create_bridge_two_message_status_panel_below_answer	src/services/discord/turn_bridge/two_message_panel.rs	-	-
stop	D	decision	src/services/discord/turn_bridge/terminal_outcome_delivery/rowless_receipt.rs	-	-
one-level	D	decode	src/services/discord/tmux_watcher/utf8_chunk_decoder.rs	-	-
stop	D	delete_nonterminal_placeholder_unless_delivered	src/services/discord/tmux_placeholder_suppression/ops.rs	-	-
one-level	D	delete_placeholder_unless_delivered	src/services/discord/tmux_placeholder_suppression/ops.rs	-	-
stop	D	delete_state_if_allowed	src/services/discord/placeholder_sweeper/abandon_guard.rs	-	-
stop	D	delete_terminal_placeholder_unless_delivered	src/services/discord/tmux_placeholder_suppression/ops.rs	-	-
one-level	D	deliver	src/services/discord/outbound/turn_output_controller/fresh_send.rs	-	-
one-level	D	deliver_long_chunks_via_controller	src/services/discord/tmux_watcher/terminal_long_chunks.rs	-	-
one-level	D	deliver_new_message_with_task_authority	src/services/discord/session_relay_sink/task_notification_context.rs	-	-
one-level	D	deliver_response	src/services/discord/session_relay_sink.rs	-	-
one-level	D	deliver_short_replace_via_controller	src/services/discord/session_relay_sink/short_controller.rs	-	-
stop	D	deliver_single	src/services/discord/outbound/delivery.rs	-	-
stop	D	deliver_split	src/services/discord/outbound/delivery.rs	-	-
stop	D	deliver_turn_output	src/services/discord/outbound/turn_output_controller.rs	-	-
one-level	D	deliver_turn_output_with_fallback_revalidation	src/services/discord/outbound/turn_output_controller.rs	-	-
stop	D	delivery_lease_key_for_frame	src/services/discord/session_relay_sink.rs	-	-
one-level	D	demote_stale_foreign_inflight_if_current	src/services/discord/tui_direct_pending_start.rs	-	-
one-level	D	discard_restored_response_seed_before_no_inflight_terminal_relay	src/services/discord/tmux_watcher/liveness.rs	-	-
one-level	D	drain_missing_inflight_dead_tmux_tail_to_eof	src/services/discord/tmux.rs	-	-
one-level	D	drain_watcher_output_tail_to_eof	src/services/discord/tmux.rs	-	-
one-level	D	drop	src/services/discord/outbound/turn_output_controller.rs	-	-
one-level	D	emit_claude_tui_watcher_handoff	src/services/claude.rs	-	-
one-level	D	emit_codex_tui_post_tail_handoff	src/services/codex.rs	-	-
one-level	D	emit_fresh_session_watcher_handoff	src/services/claude.rs	-	-
stop	D	emit_turn_finished_with_dispatch_kind	src/services/observability/emit.rs	-	-
stop	D	enqueue_terminal_status_panel_reconcile	src/services/discord/turn_finalizer/cleanup.rs	-	-
stop	D	ensure_bridge_current_message_anchor	src/services/discord/turn_bridge/current_message_anchor.rs	-	-
one-level	D	ensure_monitor_auto_turn_inflight	src/services/discord/tmux/monitor_auto_turn_inflight.rs	-	-
stop	D	ensure_synthetic_claim_marker_before_clear	src/services/discord/turn_finalizer/cleanup.rs	-	-
stop	D	establish_bridge_entry_authority	src/services/discord/turn_bridge/bridge_entry_persist.rs	-	-
one-level	D	evidence_from_snapshot	src/services/discord/relay_recovery/decision.rs	-	-
one-level	D	exact_delivery_predicate	src/services/discord/session_relay_sink/journal.rs	-	-
stop	D	execute	src/services/discord/router/message_handler/provider_dispatch.rs	-	-
stop	D	execute_command_streaming	src/services/claude.rs	-	-
stop	D	execute_intake_turn_core	src/services/discord/router/message_handler/intake_turn/worker_entry.rs	-	-
stop	D	execute_simple_blocking_inner	src/services/provider_exec.rs	-	-
one-level	D	execute_streaming	src/services/claude_e/process.rs	-	-
one-level	D	execute_streaming_local_process	src/services/claude/process_session_launch.rs	-	-
one-level	D	execute_streaming_local_process_codex	src/services/codex/process_session_launch.rs	-	-
one-level	D	execute_streaming_local_tmux	src/services/codex.rs	-	-
stop	D	execute_streaming_local_tui_tmux	src/services/codex.rs	-	-
stop	D	execute_structured_with_context	src/services/provider_exec.rs	-	-
one-level	D	external	src/services/discord/terminal_coordinate.rs	-	-
stop	D	fence_restart_visible_mutation	src/services/discord/turn_bridge/stream_loop/tool_arms/authority.rs	-	-
stop	D	fence_terminal_tool_result_transition	src/services/discord/turn_bridge/stream_loop/tool_arms/authority.rs	-	-
stop	D	finalize_pinned_watcher_exit	src/services/discord/tmux_watcher/stall_exit.rs	-	-
stop	D	finish_admitted_local	src/services/discord/router/message_handler.rs	-	-
stop	D	finish_after_receipt	src/services/discord/tmux_watcher/cancel_handoff/completion.rs	-	-
one-level	D	finish_sink_delivery	src/services/discord/session_relay_sink/delivery_frontier.rs	-	-
stop	D	finish_tui_direct_synthetic_turn_if_current	src/services/discord/tui_prompt_relay/synthetic_start.rs	-	-
stop	D	forward_chunk_to_supervisor_relay	src/services/discord/tmux_watcher/supervisor_relay.rs	-	-
stop	D	forward_chunk_to_supervisor_relay_for_turn	src/services/discord/tmux_watcher/supervisor_relay.rs	-	-
one-level	D	forward_chunk_to_supervisor_relay_inner	src/services/discord/tmux_watcher/supervisor_relay.rs	-	-
stop	D	forward_terminal_chunk_to_supervisor_relay	src/services/discord/tmux_watcher/supervisor_relay.rs	-	-
stop	D	from	src/services/auto_queue.rs	-	-
stop	D	from_catalog	src/services/writer_protocol/authority.rs	-	-
one-level	D	from_frame	src/services/cluster/stream_relay/identity.rs	-	-
one-level	D	from_pinned_state	src/services/discord/destructive_cancel_gate.rs	-	-
one-level	D	from_record	src/services/discord/outbound/receipt_index.rs	-	-
stop	D	from_retained_tui_terminal	src/services/discord/inflight/save_store/identity_gate/runtime_stamp.rs	-	-
one-level	D	from_row	src/services/discord/turn_finalizer/cleanup.rs	-	-
one-level	D	from_state	src/services/discord/inflight/episode_guard.rs	-	-
stop	D	from_state_for_channel	src/services/discord/recovery_engine/terminal_text_idempotency.rs	-	-
one-level	D	from_terminal	src/services/discord/turn_bridge/terminal_outcome_delivery/rowless_receipt.rs	-	-
one-level	D	frontier_token	src/services/discord/relay_health/frontier.rs	-	-
stop	D	guard_readopt_relay_resume_or_dead_letter	src/services/discord/recovery_engine/crash_resume_guard.rs	-	-
one-level	D	handle_acquire_delivery	src/services/discord/turn_finalizer/delivery_lease.rs	-	-
one-level	D	handle_cancel_prompt_replace	src/services/discord/turn_bridge/terminal_outcome_delivery/cancel_prompt_replace.rs	-	-
one-level	D	handle_commit_delivery	src/services/discord/turn_finalizer/delivery_lease.rs	-	-
one-level	D	handle_delivery_epilogue	src/services/discord/turn_bridge/terminal_outcome_delivery/delivery_epilogue.rs	-	-
stop	D	handle_empty_response_and_busy_requeue	src/services/discord/turn_bridge/terminal_outcome_delivery/busy_followup_retry.rs	-	-
one-level	D	handle_empty_response_recovery	src/services/discord/turn_bridge/terminal_outcome_delivery/empty_response_recovery/handler.rs	-	-
one-level	D	handle_no_result_exits	src/services/discord/tmux_watcher/no_result_exits.rs	-	-
one-level	D	handle_release_delivery	src/services/discord/turn_finalizer/delivery_lease.rs	-	-
one-level	D	handle_runtime_handoff_loop_message	src/services/discord/turn_bridge/runtime_handoff_loop.rs	-	-
one-level	D	handle_stream_content_message	src/services/discord/turn_bridge/stream_loop/content_arms.rs	-	-
one-level	D	handle_stream_tool_message	src/services/discord/turn_bridge/stream_loop/tool_arms.rs	-	-
one-level	D	handle_text_message	src/services/discord/router/message_handler/intake_turn.rs	-	-
one-level	D	handle_watcher_runtime_handoff	src/services/discord/turn_bridge/runtime_handoff_loop/watcher_handoff.rs	-	-
stop	D	idle_jsonl_prepare_dedup_shared	src/services/discord/session_relay_sink/idle_jsonl.rs	-	-
one-level	D	inflight_episode_lookup_for_tmux_name	src/services/discord/zombie_foreground_release.rs	-	-
one-level	D	into_stream_message	src/services/discord/turn_bridge/runtime_handoff_loop.rs	-	-
stop	D	judge_loaded_obligation_window	src/services/discord/session_relay_sink/journal.rs	-	-
stop	D	lease_for_provider	src/services/agent_recovery/durable.rs	-	-
one-level	D	load	src/services/discord/health/session_enrichment.rs	-	-
stop	D	load_canonical_episode	src/services/discord/health/stall_liveness/redrive_grace.rs	-	-
one-level	D	lock_and_save_existing_inflight_rebind_adoption_impl_in_root	src/services/discord/inflight/save_store/identity_gate.rs	-	-
one-level	D	log_stall_watchdog_liveness_deferred	src/services/discord/health/stall_liveness.rs	-	-
one-level	D	log_stall_watchdog_page_judgment	src/services/discord/health/stall_liveness.rs	-	-
stop	D	make_bridge_guards	src/services/discord/turn_bridge/guards.rs	-	-
stop	D	mark_readopted_from_inflight	src/services/discord/recovery_engine/runtime.rs	-	-
stop	D	mark_readopted_from_inflight_if_identity_unchanged_in_root	src/services/discord/inflight/save_store/identity_gate.rs	-	-
stop	D	mark_readopted_mailbox_owner_finished_for_episode	src/services/discord/readopted_mailbox_ledger.rs	-	-
one-level	D	mark_watcher_terminal_delivery_committed	src/services/discord/tmux_watcher/commit_decisions.rs	-	-
stop	D	matches_state	src/services/discord/inflight/episode_guard.rs	-	-
one-level	D	matching_recovery_anchors	src/services/discord/recovery_paths/restart.rs	-	-
stop	D	matching_watcher_turn_identity	src/services/discord/tmux_watcher/turn_identity.rs	-	-
one-level	D	maybe_create_bridge_separate_status_panel_response	src/services/discord/turn_bridge/single_message_footer.rs	-	-
one-level	D	merge_runtime_stamp_progress	src/services/discord/inflight/save_store/identity_gate/stamp_merge.rs	-	-
one-level	D	message	src/services/discord/terminal_coordinate.rs	-	-
one-level	D	new	src/services/discord/inflight/model.rs	-	-
stop	D	new_for_site	src/services/discord/delivery_lease_key.rs	-	-
one-level	D	new_for_site_with_fallback_offset	src/services/discord/delivery_lease_key.rs	-	-
one-level	D	nudge_existing_watcher_for_backlog	src/services/discord/health/relay_auto_heal.rs	-	-
one-level	D	nudge_watcher_handle_for_backlog	src/services/discord/health/relay_auto_heal.rs	-	-
one-level	D	observe	src/services/discord/relay_health.rs	-	-
one-level	D	observe_orphan_terminal_frame	src/services/discord/tmux_watcher/orphan_terminal_frame.rs	-	-
stop	D	open_alert_cas_in_root	src/services/discord/relay_recovery_circuit_breaker.rs	-	-
stop	D	other_session_claimed_transcripts	src/services/discord/tui_prompt_relay/claude_idle_runtime.rs	-	-
stop	D	patch_bridge_entry_state_if_identity_unchanged_in_root	src/services/discord/inflight/save_store/identity_gate/bridge_entry.rs	-	-
one-level	D	patch_bridge_entry_state_if_identity_unchanged_in_root_impl	src/services/discord/inflight/save_store/identity_gate/bridge_entry.rs	-	-
stop	D	patch_bridge_entry_state_tracking_placeholder_clear	src/services/discord/inflight/save_store/identity_gate/bridge_entry.rs	-	-
stop	D	patch_restart_full_response_if_identity_unchanged	src/services/discord/inflight/save_store/identity_gate.rs	-	-
one-level	D	patch_restart_full_response_if_identity_unchanged_in_root	src/services/discord/inflight/save_store/identity_gate.rs	-	-
stop	D	patch_restart_mode_if_matches_identity_in_root	src/services/discord/inflight/save_store/identity_gate/stream_loop_patch.rs	-	-
stop	D	pending_operation	src/services/agent_recovery/durable/operations.rs	-	-
stop	D	pending_start_claim_fn	src/services/discord/tui_prompt_relay/synthetic_start.rs	-	-
stop	D	pending_start_reclaim_orphan_fn	src/services/discord/tui_prompt_relay/synthetic_orphan_reclaim.rs	-	-
one-level	D	persist	src/services/discord/tmux_watcher/terminal_long_chunks.rs	-	-
stop	D	persist_bridge_entry_inflight_state	src/services/discord/turn_bridge/bridge_entry_persist.rs	-	-
one-level	D	persist_cancelled_episode	src/services/discord/session_relay_sink/delivery_frontier.rs	-	-
stop	D	persist_confirmed_frontier_and_receipt	src/services/discord/outbound/delivery_record.rs	-	-
stop	D	persist_leak_recovery_response_offset_if_matches_identity_locked	src/services/discord/inflight/save_store/identity_gate.rs	-	-
one-level	D	persist_leak_recovery_response_offset_if_matches_identity_locked_in_root	src/services/discord/inflight/save_store/identity_gate.rs	-	-
stop	D	persist_pinned_terminal_anchor	src/services/discord/turn_bridge/stream_loop/types.rs	-	-
stop	D	persist_sink_delivery	src/services/discord/session_relay_sink/delivery_frontier.rs	-	-
one-level	D	persist_terminal_range	src/services/discord/inflight/save_store/identity_gate/runtime_stamp.rs	-	-
stop	D	persist_watcher_relay_watermark_locked	src/services/discord/inflight/watcher_state.rs	-	-
one-level	D	persist_watcher_relay_watermark_locked_in_root	src/services/discord/inflight/watcher_state.rs	-	-
one-level	D	persist_watcher_stream_progress	src/services/discord/tmux.rs	-	-
stop	D	persist_watcher_stream_progress_locked	src/services/discord/inflight/watcher_state.rs	-	-
one-level	D	persist_watcher_stream_progress_locked_in_root	src/services/discord/inflight/watcher_state.rs	-	-
stop	D	pinned_delivery_lease_key	src/services/discord/tmux_watcher/turn_identity.rs	-	-
stop	D	plan_relay_recovery	src/services/discord/relay_recovery/decision.rs	-	-
one-level	D	poll_output_file_until_result	src/services/provider/output_reader.rs	-	-
one-level	D	poll_watcher_output_or_continue	src/services/discord/tmux_watcher/loop_poll_prologue.rs	-	-
one-level	D	pre_turn_line_skip	src/services/discord/tmux_output_stream.rs	-	-
one-level	D	prepare_receipt_disposition	src/services/discord/turn_bridge/terminal_outcome_delivery/foreign_terminal_handoff.rs	-	-
stop	D	preregister_watcher_two_message_panel_orphan	src/services/discord/tmux_watcher/two_message_panel.rs	-	-
stop	D	preserve_admitted_source	src/services/discord/tui_prompt_relay/synthetic_start/bridge_handoff.rs	-	-
stop	D	preserve_continuation	src/services/discord/tui_prompt_relay/synthetic_start/bridge_handoff.rs	-	-
one-level	D	preserve_or_publish	src/services/discord/turn_bridge/terminal_outcome_delivery/foreign_terminal_handoff.rs	-	-
stop	D	preserve_stamped_source	src/services/discord/tui_prompt_relay/synthetic_start/bridge_handoff.rs	-	-
stop	D	process_watcher_lines	src/services/discord/tmux_output_stream.rs	-	-
one-level	D	process_watcher_lines_for_turn	src/services/discord/tmux_output_stream.rs	-	-
stop	D	push_drop_oldest	src/services/cluster/stream_relay.rs	-	-
stop	D	queue_or_resume_open_alert_with_enqueue	src/services/discord/relay_recovery_circuit_breaker.rs	-	-
stop	D	qwen_read_output_file_until_result_tracked	src/services/qwen.rs	-	-
one-level	D	reacquire_watcher_inflight_for_active_stream	src/services/discord/tmux_watcher/liveness.rs	-	-
stop	D	read_output_file_until_result_with_harvest	src/services/session_backend.rs	-	-
stop	D	read_receipt_index_at	src/services/discord/outbound/receipt_index.rs	-	-
stop	D	realign_frontier_after_rotation	src/services/discord/tmux_watcher/jsonl_rotation/backstop.rs	-	-
stop	D	reanchor_bridge_two_message_status_panel_below_answer	src/services/discord/turn_bridge/two_message_panel.rs	-	-
one-level	D	reason	src/services/discord/tmux_watcher/orphan_terminal_frame.rs	-	-
stop	D	rebind_inflight_for_channel	src/services/discord/recovery_engine/manual_rebind/mod.rs	-	-
one-level	D	rebind_inflight_for_channel_inner	src/services/discord/recovery_engine/manual_rebind/mod.rs	-	-
stop	D	rebind_inflight_for_channel_with_minimum_start_offset	src/services/discord/recovery_engine/manual_rebind/mod.rs	-	-
stop	D	receive_hook	src/services/claude_tui/hook_server.rs	-	-
one-level	D	reclaim_expired_delivery_leases	src/services/discord/mod.rs	-	-
one-level	D	reclaim_if_expired	src/services/discord/delivery_lease_cell.rs	-	-
stop	D	reclaim_orphan_external_input_placeholder	src/services/discord/tmux_watcher/placeholder_reclaim.rs	-	-
stop	D	reclaim_orphan_inflight_owner	src/services/discord/tui_prompt_relay/synthetic_orphan_reclaim.rs	-	-
stop	D	reclaim_orphaned_session_bound_relay_if_dead	src/services/discord/session_relay_sink/orphan_reclaim.rs	-	-
stop	D	reclaim_watcherless_session_bound_relay_owner	src/services/discord/inflight/orphan_relay_reclaim.rs	-	-
stop	D	reconcile	src/services/discord/turn_finalizer/reconcile.rs	-	-
stop	D	reconcile_confirmed_preview	src/services/discord/tmux_watcher/committed_placeholder_cleanup.rs	-	-
one-level	D	reconcile_orphan_suppressed_placeholder_for_restored_watcher	src/services/discord/tmux.rs	-	-
one-level	D	reconcile_runtime_locals_from_inflight_state	src/services/discord/turn_bridge/bridge_entry_persist.rs	-	-
stop	D	reconcile_saved_exit_candidate	src/services/discord/turn_bridge/stream_loop/exit_reconcile.rs	-	-
stop	D	reconcile_terminal_ui_obligation	src/services/discord/terminal_ui_obligation.rs	-	-
one-level	D	reconcile_tool_arm_locals_after_guarded_save	src/services/discord/turn_bridge/stream_loop/tool_arms/authority.rs	-	-
stop	D	record	src/services/discord/tui_prompt_relay/synthetic_start/bridge_handoff.rs	-	-
one-level	D	record_delivered_frontier_with_body	src/services/discord/outbound/delivery_record.rs	-	-
one-level	D	record_durable_frontier	src/services/discord/recovery_engine/terminal_text_idempotency.rs	-	-
one-level	D	record_long_chunk_terminal_delivery	src/services/discord/outbound/delivery_record.rs	-	-
stop	D	record_pinned_delivery_metadata	src/services/discord/outbound/delivery_record.rs	-	-
one-level	D	record_readopt_relay_black_hole_dead_letter	src/services/discord/recovery_engine/crash_resume_guard.rs	-	-
stop	D	record_readopted_mailbox_owner_for_episode	src/services/discord/readopted_mailbox_ledger.rs	-	-
one-level	D	record_recovery_terminal_delivery	src/services/discord/outbound/delivery_record.rs	-	-
one-level	D	record_stopped_turn_terminal_replace_delivery	src/services/discord/turn_bridge/terminal_delivery.rs	-	-
one-level	D	record_success	src/services/discord/outbound/turn_output_controller/fresh_send.rs	-	-
stop	D	record_successful_fresh_send_with_snapshot	src/services/discord/recovery_engine/terminal_text_idempotency.rs	-	-
stop	D	record_termination	src/services/termination_audit.rs	-	-
stop	D	record_termination_with_handles	src/services/termination_audit.rs	-	-
one-level	D	record_watcher_terminal_delivery	src/services/discord/outbound/delivery_record.rs	-	-
stop	D	recover_candidate	src/services/discord/relay_recovery_leaked_row_sweep.rs	-	-
stop	D	recover_idle_partial_response	src/services/discord/recovery_engine/idle_captured_response.rs	-	-
one-level	D	recover_idle_partial_response_from_ready_source	src/services/discord/recovery_engine/idle_captured_response.rs	-	-
stop	D	recover_two_message_panel_with_gateway	src/services/discord/recovery_engine/two_message_panel.rs	-	-
stop	D	recovery_anchor_message_if_matches_identity	src/services/discord/inflight/save_store/identity_gate.rs	-	-
stop	D	redrive_attempt_decision	src/services/discord/health/relay_auto_heal.rs	-	-
one-level	D	redrive_episode	src/services/discord/health/relay_auto_heal.rs	-	-
one-level	D	redrive_placeholder_shield_context	src/services/discord/health/relay_auto_heal.rs	-	-
stop	D	redrive_undelivered_backlog_at	src/services/discord/health/relay_auto_heal.rs	-	-
one-level	D	refresh_claude_runtime_binding	src/services/discord/tui_prompt_relay/claude_idle_runtime.rs	-	-
stop	D	refresh_delivery_rewind_state	src/services/discord/turn_bridge/retry_state.rs	-	-
stop	D	refresh_existing	src/services/discord/tui_prompt_relay/synthetic_start/bridge_handoff.rs	-	-
stop	D	refresh_inflight_last_offset_if_matches_identity	src/services/discord/inflight/clear_store/mod.rs	-	-
one-level	D	refresh_inflight_last_offset_if_matches_identity_in_root	src/services/discord/inflight/clear_store/mod.rs	-	-
one-level	D	refresh_stream_tick_expected_identity_after_handoff	src/services/discord/turn_bridge/stream_loop/expected_identity.rs	-	-
stop	D	register_codex_tui_idle_relay_binding	src/services/codex.rs	-	-
one-level	D	register_qwen_tmux_runtime_binding	src/services/qwen.rs	-	-
one-level	D	rehydrate_codex_tui_binding_transaction	src/services/discord/tui_prompt_relay/rehydration.rs	-	-
one-level	D	rehydrate_existing_claude_tui_bindings	src/services/discord/tui_prompt_relay/rehydration.rs	-	-
one-level	D	rehydrate_existing_codex_tui_bindings	src/services/discord/tui_prompt_relay/rehydration.rs	-	-
one-level	D	rehydrated_claude_tui_binding_for_tmux_session	src/services/discord/tui_prompt_relay/rehydration.rs	-	-
stop	D	rehydrated_codex_tui_binding_for_tmux_session	src/services/discord/tui_prompt_relay/rehydration.rs	-	-
stop	D	relay_frontier_token	src/services/discord/relay_health/frontier.rs	-	-
one-level	D	relay_idle_claude_bindings	src/services/discord/tui_prompt_relay/claude_idle_runtime.rs	-	-
one-level	D	relay_no_anchor_terminal_text	src/services/discord/recovery_engine/terminal_text_idempotency.rs	-	-
stop	D	relay_recovered_terminal_text_to_placeholder	src/services/discord/recovery_engine/completion_delivery.rs	-	-
stop	D	relay_recovery_probe_snapshot_for_owner	src/services/discord/relay_recovery/idle_tmux.rs	-	-
stop	D	relay_recovery_terminal_notice_with_capture	src/services/discord/recovery_engine/completion_delivery.rs	-	-
one-level	D	relay_turn_identity_for_session	src/services/discord/tmux_watcher/supervisor_relay.rs	-	-
one-level	D	release	src/services/discord/delivery_lease_cell.rs	-	-
one-level	D	release_and_disarm	src/services/discord/outbound/turn_output_controller.rs	-	-
one-level	D	release_lease	src/services/discord/turn_bridge/terminal_delivery.rs	-	-
stop	D	release_without_receipt	src/services/discord/turn_bridge/terminal_delivery.rs	-	-
stop	D	reregister_active_turn_from_inflight_inner	src/services/discord/recovery_engine/runtime.rs	-	-
stop	D	reserve_current_episode	src/services/discord/relay_recovery_circuit_breaker.rs	-	-
stop	D	reserve_in_root	src/services/discord/relay_recovery_circuit_breaker.rs	-	-
one-level	D	reset_confirmed_frontier	src/services/discord/relay_health/frontier.rs	-	-
stop	D	reset_gemini_retry_attempt_state	src/services/discord/turn_bridge/retry_state.rs	-	-
one-level	D	reset_relay_watermark_on_generation_change	src/services/discord/tmux_session_files.rs	-	-
one-level	D	reset_stale_local_relay_offset_if_output_regressed	src/services/discord/tmux_session_files.rs	-	-
one-level	D	reset_stale_relay_watermark_if_output_regressed	src/services/discord/tmux_session_files.rs	-	-
one-level	D	resolve_terminal_ui_session	src/services/discord/terminal_ui_obligation.rs	-	-
stop	D	resolved_claude_idle_relay_transcript_path	src/services/discord/tui_prompt_relay/claude_idle_runtime.rs	-	-
stop	D	resolved_codex_idle_relay_binding_inner	src/services/discord/tui_prompt_relay/relay_ownership.rs	-	-
stop	D	restore_codex_rollout_output_path	src/services/discord/recovery_engine/restore_persist_outcome.rs	-	-
stop	D	restore_delivery_position	src/services/discord/tmux_watcher/entry.rs	-	-
one-level	D	restore_inflight_turns	src/services/discord/recovery_engine/restore_inflight.rs	-	-
stop	D	restore_queued_and_inflight_work	src/services/discord/runtime_bootstrap/queued_recovery.rs	-	-
stop	D	restore_run_with_pg	src/services/auto_queue/view_admin_routes.rs	-	-
one-level	D	restore_tmux_watchers	src/services/discord/watchers/lifecycle/restore.rs	-	-
one-level	D	restored_watcher_turn_from_inflight	src/services/discord/tmux.rs	-	-
stop	D	resume_payload_with_gateway	src/services/discord/turn_bridge/terminal_outcome_delivery/foreign_terminal_handoff.rs	-	-
one-level	D	resume_with_gateway	src/services/discord/turn_bridge/terminal_outcome_delivery/foreign_terminal_handoff.rs	-	-
stop	D	retry_minimal_fallback	src/services/discord/outbound/delivery.rs	-	-
stop	D	retry_pending_watcher_respawn	src/services/discord/health/watcher_respawn.rs	-	-
stop	D	retry_sticky_frontier_realign	src/services/discord/tmux_watcher/jsonl_rotation/backstop.rs	-	-
stop	D	revalidate_and_clear_explicit_background_inflight	src/services/discord/health/recovery.rs	-	-
one-level	D	rewind_and_persist_delivery_on_reclaim	src/services/discord/turn_bridge/retry_state.rs	-	-
one-level	D	rewind_delivery_on_reclaim	src/services/discord/turn_bridge/retry_state.rs	-	-
stop	D	rollout_fallback_for_live_direct_resume	src/services/discord/watchers/codex_tui_restore.rs	-	-
stop	D	rotate_owned_jsonl	src/services/discord/tmux_watcher/jsonl_rotation.rs	-	-
one-level	D	rotate_watcher_jsonl_if_due	src/services/discord/tmux_watcher/jsonl_rotation.rs	-	-
stop	D	run_bot_spawn_recovery_and_flush_restart_reports	src/services/discord/runtime_bootstrap/recovery_flush.rs	-	-
one-level	D	run_bridge_stream_tick	src/services/discord/turn_bridge/stream_tick.rs	-	-
stop	D	run_claude_idle_response_tail	src/services/discord/tui_prompt_relay/claude_idle_tail.rs	-	-
stop	D	run_claude_tui_fresh_turn_and_finalize	src/services/claude.rs	-	-
stop	D	run_claude_tui_warm_followup_submit_and_stream	src/services/claude_tui/hosting/warm_followup.rs	-	-
stop	D	run_codex_idle_response_tail	src/services/discord/tui_prompt_relay/codex_idle_rollout.rs	-	-
stop	D	run_completion_postlude	src/services/discord/turn_bridge/completion_postlude.rs	-	-
one-level	D	run_post_loop_finalize	src/services/discord/turn_bridge/post_loop_finalize.rs	-	-
one-level	D	run_pre_emit_guard	src/services/discord/tmux_watcher/pre_emit_guard.rs	-	-
stop	D	run_stall_watchdog_pass	src/services/discord/health/recovery.rs	-	-
one-level	D	run_standby_relay	src/services/discord/standby_relay.rs	-	-
one-level	D	run_stream_loop	src/services/discord/turn_bridge/stream_loop.rs	-	-
stop	D	run_terminal_commit_epilogue	src/services/discord/tmux_watcher/terminal_commit_epilogue.rs	-	-
one-level	D	run_terminal_outcome_delivery	src/services/discord/turn_bridge/terminal_outcome_delivery.rs	-	-
stop	D	run_terminal_preflight_prepare	src/services/discord/tmux_watcher/terminal_preflight.rs	-	-
one-level	D	run_terminal_preflight_suppression	src/services/discord/tmux_watcher/terminal_preflight.rs	-	-
one-level	D	run_terminal_relay_plan	src/services/discord/tmux_watcher/terminal_relay_plan.rs	-	-
stop	D	run_view_with_pg	src/services/auto_queue.rs	-	-
one-level	D	runtime_handoff_for_recovery	src/services/discord/recovery_engine.rs	-	-
stop	D	same_snapshot	src/services/discord/inflight/removal/boot_reaper.rs	-	-
stop	D	save_existing_inflight_rebind_adoption_impl_in_root	src/services/discord/inflight/save_store/identity_gate.rs	-	-
stop	D	save_inflight_delivery_rewind_if_matches_identity	src/services/discord/inflight/save_store/delivery_rewind.rs	-	-
one-level	D	save_inflight_delivery_rewind_if_matches_identity_in_root	src/services/discord/inflight/save_store/delivery_rewind.rs	-	-
stop	D	save_inflight_state_identity_gated_in_root	src/services/discord/inflight/save_store/identity_gate.rs	-	-
stop	D	save_inflight_state_if_identity_unchanged_in_root	src/services/discord/inflight/save_store/identity_gate.rs	-	-
stop	D	save_inflight_state_if_matches_identity	src/services/discord/inflight/save_store/identity_gate/completion_preserve.rs	-	-
one-level	D	save_inflight_state_if_matches_identity_in_root	src/services/discord/inflight/save_store/identity_gate/completion_preserve.rs	-	-
stop	D	save_stream_tick_state_if_bridge_authority	src/services/discord/inflight/save_store/identity_gate/stream_loop_patch.rs	-	-
stop	D	save_stream_tick_state_if_bridge_authority_in_root	src/services/discord/inflight/save_store/identity_gate/stream_loop_patch.rs	-	-
stop	D	save_stream_tick_state_preserving_current_message_races	src/services/discord/inflight/save_store/identity_gate/stream_loop_patch.rs	-	-
stop	D	save_stream_tick_state_preserving_current_message_races_in_root	src/services/discord/inflight/save_store/identity_gate/stream_loop_patch.rs	-	-
one-level	D	save_stream_tick_state_preserving_current_message_races_in_root_with_mode	src/services/discord/inflight/save_store/identity_gate/stream_loop_patch.rs	-	-
one-level	D	saved_exit_candidate_projection	src/services/discord/turn_bridge/stream_loop/exit_reconcile.rs	-	-
stop	D	schedule_pending_paused_turn_watcher_attach	src/services/discord/router/message_handler/watchdog.rs	-	-
stop	D	self_reattach_identity	src/services/discord/health/relay_auto_heal.rs	-	-
one-level	D	send_followup_to_process	src/services/claude.rs	-	-
one-level	D	send_followup_to_tmux	src/services/claude.rs	-	-
stop	D	session_bound_terminal_ack_can_reconcile	src/services/discord/tmux_watcher/pre_emit_guard.rs	-	-
one-level	D	set_watcher_owner_channel_id	src/services/discord/inflight/model.rs	-	-
stop	D	settle_and_reconcile_exit_candidate	src/services/discord/turn_bridge/stream_loop/exit_reconcile.rs	-	-
stop	D	settle_captured_ready_delivery	src/services/discord/recovery_engine/idle_captured_response.rs	-	-
stop	D	settle_claude_session_rotations	src/services/discord/tui_prompt_relay/session_rotation_settle.rs	-	-
one-level	D	settle_one_claude_session_rotation	src/services/discord/tui_prompt_relay/session_rotation_settle.rs	-	-
stop	D	settle_ready_without_output_for_actor	src/services/discord/recovery_engine/idle_captured_response.rs	-	-
one-level	D	shadow_mirror_delivered_frontier	src/services/discord/outbound/delivery_record.rs	-	-
one-level	D	shadow_mirror_delivered_frontier_inner	src/services/discord/outbound/delivery_record.rs	-	-
stop	D	snapshot_watcher_state_filtered	src/services/discord/health/snapshot.rs	-	-
stop	D	snapshot_watcher_state_for_provider	src/services/discord/health/snapshot.rs	-	-
stop	D	snapshot_watcher_state_for_shared	src/services/discord/health/snapshot.rs	-	-
one-level	D	spawn	src/services/discord/delivery_lease_cell.rs	-	-
stop	D	spawn_claude_idle_response_tail_once	src/services/discord/tui_prompt_relay/claude_idle_tail.rs	-	-
stop	D	spawn_claude_idle_transcript_relay	src/services/discord/tui_prompt_relay/claude_idle_runtime.rs	-	-
one-level	D	spawn_codex_idle_rollout_relay	src/services/discord/tui_prompt_relay/codex_idle_rollout.rs	-	-
one-level	D	spawn_codex_tui_rebind_relay_output	src/services/discord/recovery_engine/rebind_runtime.rs	-	-
stop	D	spawn_heartbeat_loop	src/services/cluster/node_registry.rs	-	-
stop	D	spawn_tui_prompt_relay	src/services/discord/tui_prompt_relay.rs	-	-
stop	D	spawn_turn_bridge	src/services/discord/turn_bridge/bridge_entry_persist.rs	-	-
one-level	D	spawn_turn_bridge_with_pin	src/services/discord/turn_bridge/mod.rs	-	-
stop	D	stamp_claude_e_process_if_matches_identity	src/services/discord/inflight/save_store/identity_gate/claude_e_stamp.rs	-	-
one-level	D	stamp_claude_e_process_if_matches_identity_in_root	src/services/discord/inflight/save_store/identity_gate/claude_e_stamp.rs	-	-
one-level	D	stamp_process_evidence	src/services/discord/turn_bridge/runtime_handoff_loop/claude_e.rs	-	-
stop	D	stamp_runtime_handoff_if_matches_identity_in_root	src/services/discord/inflight/save_store/identity_gate/runtime_stamp.rs	-	-
stop	D	start_meeting_with_reviewer	src/services/discord/meeting_orchestrator/lifecycle.rs	-	-
stop	D	start_reserved_headless_turn	src/services/discord/router/message_handler/headless_turn/entrypoints.rs	-	-
one-level	D	start_reserved_headless_turn_with_owner	src/services/discord/router/message_handler/headless_turn.rs	-	-
stop	D	start_voice_headless_turn	src/services/discord/router/message_handler/headless_turn/entrypoints.rs	-	-
one-level	D	stream_tui_idle_response_through_bridge	src/services/discord/tui_prompt_relay/claude_idle_bridge.rs	-	-
one-level	D	stream_tui_idle_response_with_gateway	src/services/discord/tui_prompt_relay/claude_idle_bridge.rs	-	-
stop	D	submit_committed_foreign_inflight_complete	src/services/discord/tui_direct_pending_start.rs	-	-
stop	D	submit_rotation_settle	src/services/discord/tui_prompt_relay/session_rotation_settle.rs	-	-
stop	D	submit_stale_foreign_inflight_cancel	src/services/discord/tui_direct_pending_start.rs	-	-
one-level	D	sync_response_delivery_state	src/services/discord/turn_bridge/retry_state.rs	-	-
one-level	D	sync_terminal_error_delivery_state	src/services/discord/turn_bridge/retry_state.rs	-	-
one-level	D	sync_terminal_error_delivery_state_for_bridge_owner	src/services/discord/turn_bridge/retry_state.rs	-	-
stop	D	tail_idle_rollout_for_tmux	src/services/codex_tui/rollout_tail.rs	-	-
stop	D	tail_latest_rollout_for_cwd_with_handoff_options	src/services/codex_tui/rollout_tail.rs	-	-
stop	D	tail_resumed_rollout_for_session_with_handoff_options	src/services/codex_tui/rollout_tail.rs	-	-
stop	D	tail_rollout_file_from_offset_with_pane_busy_probe	src/services/codex_tui/rollout_tail.rs	-	-
stop	D	tail_rollout_file_until_assistant_response	src/services/codex_tui/rollout_tail.rs	-	-
one-level	D	tail_rollout_file_until_assistant_response_with_pane_busy_probe	src/services/codex_tui/rollout_tail.rs	-	-
stop	D	tail_warm_followup_rollout_for_tmux	src/services/codex_tui/rollout_tail.rs	-	-
one-level	D	terminal_ui_snapshot_from_inflight	src/services/discord/terminal_ui_obligation.rs	-	-
one-level	D	tmux_followup_fallback_after_read_error	src/services/provider.rs	-	-
stop	D	tmux_output_watcher	src/services/discord/tmux_watcher/entry.rs	-	-
one-level	D	tmux_output_watcher_with_restore	src/services/discord/tmux_watcher.rs	-	-
stop	D	touch_inflight_state_if_matches_identity_in_root	src/services/discord/inflight/save_store/identity_gate/heartbeat.rs	-	-
one-level	D	trace_redrive_cap_if_needed	src/services/discord/health/relay_auto_heal.rs	-	-
one-level	D	try_acquire	src/services/discord/delivery_lease_cell.rs	-	-
one-level	D	try_acquire_fresh_send_lease	src/services/discord/recovery_engine/terminal_text_idempotency.rs	-	-
stop	D	try_acquire_pg_singleton_lock	src/server/mod.rs	-	-
one-level	D	try_acquire_watcher_delivery_lease	src/services/discord/tmux_watcher/turn_identity.rs	-	-
stop	D	try_codex_tui_warm_followup	src/services/codex_tui/warm_followup.rs	-	-
one-level	D	try_new	src/services/discord/task_notification_delivery/store/response_identity.rs	-	-
stop	D	try_recover_anchor_repost	src/services/discord/recovery_paths/restart.rs	-	-
one-level	D	try_send_frame_inner	src/services/cluster/stream_relay/frame_admission.rs	-	-
stop	D	try_send_frame_with_sequence	src/services/cluster/stream_relay.rs	-	-
stop	D	try_send_request	src/services/cluster/stream_relay.rs	-	-
one-level	D	update_streaming_status_tick	src/services/discord/tmux_watcher/streaming_status_tick.rs	-	-
stop	D	visible_mutation_authority_after_guarded_save	src/services/discord/turn_bridge/stream_tick/guarded_persist.rs	-	-
one-level	D	warn_for_bridge_terminal_mirror_outcome	src/services/discord/inflight/terminal_delivery_evidence_loss.rs	-	-
one-level	D	warn_for_watcher_terminal_commit_outcome	src/services/discord/inflight/terminal_delivery_evidence_loss.rs	-	-
stop	D	watcher_external_input_turn_abandoned	src/services/discord/tmux_watcher/panel_decisions.rs	-	-
one-level	D	watcher_fresh_idle_session_bound_retry_plan	src/services/discord/tmux_watcher/terminal_readiness.rs	-	-
one-level	D	watcher_resume_outcome	src/services/discord/tmux_watcher/loop_poll_prologue/watcher_resume.rs	-	-
one-level	D	watcher_state_snapshot_for_shared	src/services/discord/health/snapshot.rs	-	-
one-level	D	watcher_stop_decision_after_terminal_finalize	src/services/discord/tmux.rs	-	-
one-level	D	watcher_stream_seed	src/services/discord/tmux.rs	-	-
stop	D	watcher_stream_seed_after_restored_seed_discard	src/services/discord/tmux_watcher/terminal_readiness.rs	-	-
one-level	D	watcher_terminal_commit_fence	src/services/discord/tmux_watcher/supervisor_relay.rs	-	-
one-level	D	watcher_terminal_rewind_seed	src/services/discord/tmux_watcher/terminal_readiness.rs	-	-
one-level	D	watcher_terminal_rewind_seed_from_parts	src/services/discord/tmux_watcher/terminal_readiness.rs	-	-
stop	D	wire_tui_direct_synthetic_turn_start	src/services/discord/tui_prompt_relay/synthetic_start_wiring.rs	-	-
stop	D	with_revalidated_row	src/services/discord/inflight/save_store/identity_gate/runtime_stamp.rs	-	-
stop	D	write_confirmed_delivery_at_with_lock_authority	src/services/discord/outbound/delivery_record.rs	-	-
stop	D	write_confirmed_frontier_guarded_at_with_before_lock	src/services/discord/outbound/delivery_record.rs	-	-
one-level	D	write_confirmed_frontier_guarded_at_with_lock_authority	src/services/discord/outbound/delivery_record.rs	-	-
one-level	D	write_terminal_preflight_suppression_state	src/services/discord/tmux_watcher/terminal_preflight.rs	-	-
